Loading user config located at: 'C:/Users/ethan/Documents/Projects/watai/WorldFold/.venv-isaac/kit/data/Kit/Isaac-Sim/5.1/user.config.json'
[Info] [carb] Logging to file: C:/Users/ethan/Documents/Projects/watai/WorldFold/.venv-isaac/kit/logs/Kit/Isaac-Sim/5.1/kit_20261008_004836.log
2026-10-08T04:48:36Z [14ms] [Warning] [carb.crashreporter-breakpad.plugin] [previous crash] preventing upload of minidump due to user opt-out: 'C:/Users/ethan/Documents/Projects/watai/WorldFold/.venv-isaac/kit/data/Kit/Isaac-Sim/5.1\c028bb7c-c523-4d6e-8b2b-2af63f808ac2.dmp'
2026-10-08T04:48:36Z [15ms] [Warning] [carb.crashreporter-breakpad.plugin] [previous crash] preventing upload of minidump due to user opt-out: 'C:/Users/ethan/Documents/Projects/watai/WorldFold/.venv-isaac/kit/data/Kit/Isaac-Sim/5.1\581073d2-5aa0-4aac-8bfa-8d8e8aec0915.dmp'
[0.352s] [ext: omni.kit.async_engine-0.0.3] startup
[0.746s] [ext: omni.metrics.core-0.0.3] startup
[0.749s] [ext: omni.client.lib-1.1.0] startup
[0.796s] [ext: omni.blobkey-1.1.2] startup
[0.799s] [ext: omni.stats-1.0.1] startup
[0.806s] [ext: omni.datastore-0.0.0] startup
[0.813s] [ext: omni.client-1.3.0] startup
[0.833s] [ext: omni.ujitso.default-1.0.0] startup
[0.844s] [ext: omni.hsscclient-1.1.2] startup
[0.871s] [ext: omni.gpu_foundation.shadercache.d3d12-1.0.0] startup
[0.883s] [ext: omni.assets.plugins-0.0.0] startup
[0.894s] [ext: omni.gpu_foundation-0.0.0] startup
[0.957s] [ext: carb.windowing.plugins-1.0.0] startup
[1.152s] [ext: omni.kit.renderer.init-0.0.0] startup
[1.157s] [ext: omni.materialx.libs-1.0.7] startup
[1.178s] [ext: omni.kit.pipapi-0.0.0] startup
[1.182s] [ext: omni.usd.config-1.0.6] startup
[1.217s] [ext: omni.gpucompute.plugins-0.0.0] startup
[1.223s] [ext: omni.usd.libs-1.0.1] startup
[1.402s] [ext: omni.kit.telemetry-0.5.2] startup
[1.432s] [ext: omni.mdl-56.0.3] startup
[1.579s] [ext: omni.iray.libs-0.0.0] startup
[1.646s] [ext: omni.mdl.neuraylib-0.2.12] startup
[1.660s] [ext: omni.kit.usd.mdl-1.1.5] startup
2026-10-08T04:48:38Z [1,548ms] [Warning] [gpu.foundation.plugin] Skipping unsupported non-NVIDIA GPU: Intel(R) Arc(TM) 140T GPU (32GB)
2026-10-08T04:48:38Z [1,550ms] [Warning] [gpu.foundation.plugin] Skipping unsupported non-NVIDIA GPU: Intel(R) Arc(TM) 140T GPU (32GB)
[1.851s] [ext: omni.kit.pip_archive-0.0.0] startup
[1.852s] [ext: omni.kit.loop-isaac-1.3.7] startup
[1.859s] [ext: omni.kit.test-2.0.1] startup
[2.081s] [ext: omni.appwindow-1.1.10] startup
[2.090s] [ext: omni.kit.renderer.core-1.1.0] startup
[2.111s] [ext: omni.kit.renderer.capture-0.0.0] startup
[2.123s] [ext: omni.kit.renderer.imgui-2.0.5] startup
[2.151s] [ext: omni.ui-2.27.1] startup
[2.184s] [ext: omni.kit.mainwindow-1.0.3] startup
[2.191s] [ext: carb.audio-0.1.0] startup
[2.195s] [ext: omni.uiaudio-1.0.0] startup
[2.208s] [ext: omni.kit.uiapp-0.0.0] startup
[2.208s] [ext: omni.usd.schema.metrics.assembler-107.3.1] startup
[2.229s] [ext: omni.usd.schema.geospatial-0.0.0] startup
[2.250s] [ext: omni.usd.schema.anim-0.0.0] startup

|---------------------------------------------------------------------------------------------|
| Driver Version: 616.56        | Graphics API: D3D12
|=============================================================================================|
| GPU | Name                             | Active | LDA | GPU Memory | Vendor-ID | LUID       |
|     |                                  |        |     |            | Device-ID | UUID       |
|     |                                  |        |     |            | Bus-ID    |            |
|---------------------------------------------------------------------------------------------|
| 0   | NVIDIA GeForce RTX 5080 Laptop.. | Yes: 0 |     | 16003   MB | 10de      | 35350100.. |
|     |                                  |        |     |            | 2c59      | 0          |
|     |                                  |        |     |            | 1         |            |
|---------------------------------------------------------------------------------------------|
| 1   | Intel(R) Arc(TM) 140T GPU (32GB) |        |     | 128     MB | 8086      | c94f0100.. |
|     |                                  |        |     |            | 7d51      | 0          |
|     |                                  |        |     |            | N/A       |            |
|=============================================================================================|
| OS: Windows 11 Pro, Version: 10.0 (25H2), Build: 26200, Kernel: 10.0.26100.9457
| Processor: Intel(R) Core(TM) Ultra 9 285H
| Cores: 16 | Logical Cores: 16
|---------------------------------------------------------------------------------------------|
| Total Memory (MB): 64957 | Free Memory: 30723
| Total Page/Swap (MB): 75231 | Free Page/Swap: 15875
|---------------------------------------------------------------------------------------------|
[2.317s] [ext: omni.usd.schema.physx-107.3.26] startup
2026-10-08T04:48:39Z [2,084ms] [Warning] [gpu.foundation.plugin] PCIe link width current (8) and maximum (16) for device 0 don't match.
[2.383s] [ext: omni.usd.schema.omnigraph-1.0.0] startup
[2.404s] [ext: omni.usd.schema.semantics-0.0.0] startup
[2.416s] [ext: omni.usd.schema.audio-0.0.0] startup
[2.431s] [ext: isaacsim.robot.schema-3.6.0] startup
[2.465s] [ext: omni.usd_resolver-1.0.0] startup
[2.485s] [ext: omni.usd.core-1.5.3] startup
[2.490s] [ext: omni.usd.schema.omni_lens_distortion-0.0.0] startup
[2.572s] [ext: omni.usd.schema.omni_sensors-0.0.0] startup
[2.575s] [ext: omni.usd.schema.omniscripting-1.0.0] startup
[2.597s] [ext: omni.kit.window.popup_dialog-2.0.24] startup
[2.614s] [ext: omni.graph.exec-0.9.6] startup
[2.621s] [ext: omni.kit.widget.nucleus_connector-2.0.1] startup
[2.637s] [ext: omni.kit.usd_undo-0.1.8] startup
[2.639s] [ext: omni.kit.exec.core-0.13.4] startup
[2.649s] [ext: omni.kit.actions.core-1.0.0] startup
[2.663s] [ext: omni.resourcemonitor-107.0.1] startup
[2.673s] [ext: omni.activity.core-1.0.3] startup
[2.681s] [ext: omni.timeline-1.0.14] startup
[2.690s] [ext: omni.kit.commands-1.4.10] startup
[2.715s] [ext: usdrt.scenegraph-7.6.1] startup
[2.839s] [ext: omni.kit.audiodeviceenum-1.0.2] startup
[2.849s] [ext: omni.hydra.usdrt_delegate-7.5.1] startup
[2.884s] [ext: omni.hydra.scene_delegate-0.3.4] startup
[2.892s] [ext: omni.usd-1.13.10] startup
[2.988s] [ext: omni.kit.asset_converter-5.0.17] startup
[3.013s] [ext: omni.usd.schema.render_settings.rtx-0.0.0] startup
[3.017s] [ext: omni.index.libs-380600.8087.0] startup
[3.017s] [ext: omni.volume-0.5.2] startup
[3.032s] [ext: omni.ujitso.client-0.0.0] startup
[3.036s] [ext: omni.index-1.0.1] startup
[3.041s] [ext: omni.hydra.rtx.shadercache.d3d12-1.0.0] startup
[3.046s] [ext: omni.hydra.rtx-1.0.0] startup
[3.158s] [ext: omni.kit.viewport.legacy_gizmos-1.0.19] startup
[3.164s] [ext: omni.kit.raycast.query-1.1.0] startup
[3.175s] [ext: omni.kit.widget.path_field-2.0.11] startup
[3.180s] [ext: omni.kit.clipboard-1.0.5] startup
[3.187s] [ext: omni.kit.widget.options_menu-1.1.6] startup
[3.201s] [ext: omni.kit.helper.file_utils-0.1.9] startup
[3.207s] [ext: omni.kit.widget.browser_bar-2.0.10] startup
[3.212s] [ext: omni.kit.notification_manager-1.0.10] startup
[3.219s] [ext: omni.kit.menu.core-1.1.2] startup
[3.224s] [ext: omni.kit.widget.options_button-1.0.3] startup
[3.227s] [ext: omni.kit.widget.filebrowser-2.12.3] startup
[3.268s] [ext: omni.kit.viewport.registry-104.0.6] startup
[3.270s] [ext: omni.kit.menu.utils-2.0.5] startup
[3.312s] [ext: omni.kit.widget.context_menu-1.2.5] startup
[3.318s] [ext: omni.kit.usd.layers-2.2.11] startup
[3.370s] [ext: omni.ui.scene-1.11.5] startup
[3.382s] [ext: omni.kit.context_menu-1.8.6] startup
[3.394s] [ext: omni.kit.window.filepicker-2.13.4] startup
[3.509s] [ext: omni.kit.widget.searchable_combobox-1.0.6] startup
[3.516s] [ext: omni.kit.viewport.scene_camera_model-1.0.6] startup
[3.522s] [ext: omni.kit.hydra_texture-1.4.6] startup
[3.532s] [ext: omni.kit.window.file_importer-1.1.18] startup
[3.562s] [ext: omni.kit.widget.settings-1.2.6] startup
[3.574s] [ext: omni.kit.window.drop_support-1.0.5] startup
[3.576s] [ext: omni.kit.widget.viewport-107.1.3] startup
[3.607s] [ext: omni.kit.material.library-2.0.7] startup
[3.636s] [ext: omni.hydra.engine.stats-1.0.3] startup
[3.640s] [ext: omni.kit.window.preferences-1.8.0] startup
[3.668s] [ext: omni.kit.viewport.window-107.2.0] startup
[3.827s] [ext: omni.kit.manipulator.transform-107.0.0] startup
[3.853s] [ext: omni.kvdb-107.3.26] startup
[3.862s] [ext: omni.kit.widget.toolbar-2.0.1] startup
[3.893s] [ext: omni.kit.viewport.utility-1.1.2] startup
[3.898s] [ext: omni.usdphysics-107.3.26] startup
[3.904s] [ext: omni.physx.foundation-107.3.26] startup
[3.928s] [ext: omni.localcache-107.3.26] startup
[3.936s] [ext: omni.convexdecomposition-107.3.26] startup
[3.945s] [ext: omni.kit.manipulator.tool.snap-1.5.13] startup
[3.961s] [ext: omni.kit.manipulator.selector-1.1.3] startup
[3.966s] [ext: omni.physx.cooking-107.3.26] startup
[3.977s] [ext: omni.kit.viewport.manipulator.transform-107.0.4] startup
[3.986s] [ext: omni.physx-107.3.26] startup
[4.015s] [ext: omni.kit.manipulator.viewport-107.0.1] startup
[4.020s] [ext: omni.kit.primitive.mesh-1.0.17] startup
[4.045s] [ext: omni.kit.manipulator.prim.core-107.0.8] startup
[4.080s] [ext: omni.fabric.commands-1.1.6] startup
[4.104s] [ext: omni.kit.manipulator.prim.usd-107.0.3] startup
[4.110s] [ext: omni.kit.manipulator.prim.fabric-107.0.4] startup
[4.119s] [ext: omni.debugdraw-0.1.4] startup
[4.131s] [ext: omni.physx.commands-107.3.26] startup
[4.176s] [ext: omni.kit.manipulator.selection-106.0.1] startup
[4.184s] [ext: omni.kit.manipulator.prim-107.0.0] startup
[4.184s] [ext: omni.physics.tensors-107.3.26] startup
[4.213s] [ext: omni.kit.property.adapter.core-1.0.2] startup
[4.223s] [ext: omni.kit.widget.highlight_label-1.0.3] startup
[4.226s] [ext: omni.kit.widget.searchfield-1.1.8] startup
[4.233s] [ext: omni.kit.property.adapter.fabric-1.0.3] startup
[4.239s] [ext: omni.kit.widget.filter-1.1.4] startup
[4.243s] [ext: omni.kit.widget.prompt-1.0.7] startup
[4.246s] [ext: omni.kit.window.property-1.12.1] startup
[4.260s] [ext: omni.kit.property.adapter.usd-1.0.2] startup
[4.265s] [ext: omni.kit.hotkeys.core-1.3.10] startup
[4.268s] [ext: omni.kit.window.file_exporter-1.0.33] startup
[4.273s] [ext: omni.kit.stage_template.core-1.1.22] startup
[4.276s] [ext: omni.kit.viewport.menubar.core-107.2.1] startup
[4.341s] [ext: omni.kit.viewport.actions-107.0.2] startup
[4.353s] [ext: omni.kit.window.file-2.0.5] startup
[4.371s] [ext: omni.kit.window.content_browser_registry-0.0.6] startup
[4.375s] [ext: omni.kit.viewport.menubar.display-107.0.3] startup
[4.381s] [ext: omni.kit.window.content_browser-3.1.3] startup
[4.414s] [ext: omni.kit.widget.stage-3.1.4] startup
[4.498s] [ext: omni.inspect-1.0.2] startup
[4.508s] [ext: omni.kit.widget.layers-1.8.6] startup
[4.571s] [ext: omni.kit.property.usd-4.5.12] startup
[4.663s] [ext: omni.kit.numpy.common-0.1.3] startup
[4.666s] [ext: omni.physics-107.3.26] startup
[4.676s] [ext: omni.graph.core-2.184.5] startup
[4.683s] [ext: omni.usdphysics.ui-107.3.26] startup
[4.755s] [ext: omni.physics.stageupdate-107.3.26] startup
[4.766s] [ext: isaacsim.core.deprecation_manager-0.2.7] startup
[4.768s] [ext: omni.physx.ui-107.3.26] startup
[4.888s] [ext: isaacsim.core.version-2.0.6] startup
[4.891s] [ext: omni.usd.metrics.assembler-107.3.1] startup
[4.906s] [ext: omni.warp.core-1.8.2] startup
[5.266s] [ext: omni.ui_query-1.1.8] startup
[5.270s] [ext: omni.physics.physx-107.3.26] startup
2026-10-08T04:48:41Z [5,031ms] [Warning] [carb] Acquiring non optional plugin interface which is not listed as dependency: [omni::physx::IPhysxBenchmarks v1.0] (plugin: <default plugin>), by client: omni.physics.physx.plugin. Add it to CARB_PLUGIN_IMPL_DEPS() macro of a client.
[5.276s] [ext: isaacsim.storage.native-1.5.1] startup
[5.283s] [ext: omni.usd.metrics.assembler.physics-107.3.26] startup
[5.295s] [ext: omni.isaac.dynamic_control-2.0.7] startup
2026-10-08T04:48:42Z [5,064ms] [Warning] [omni.isaac.dynamic_control] omni.isaac.dynamic_control is deprecated as of Isaac Sim 4.5. No action is needed from end-users.
[5.309s] [ext: omni.graph.tools-1.79.2] startup
[5.461s] [ext: omni.physx.tensors-107.3.26] startup
[5.470s] [ext: isaacsim.core.utils-3.5.1] startup
[5.480s] [ext: omni.graph-1.141.2] startup
[5.669s] [ext: isaacsim.core.simulation_manager-1.4.4] startup
[10.946s] [ext: omni.graph.action_core-1.1.7] startup
[10.956s] [ext: omni.kit.stage_templates-2.0.0] startup
[10.968s] [ext: isaacsim.core.prims-0.6.1] startup
[11.080s] [ext: omni.graph.action_nodes-1.50.4] startup
[11.091s] [ext: isaacsim.core.api-4.8.0] startup
[11.182s] [ext: omni.graph.action-1.130.0] startup
[11.188s] [ext: omni.kit.widget.stage_icons-1.0.8] startup
[11.195s] [ext: omni.kit.selection-0.1.6] startup
[11.201s] [ext: omni.kit.window.stage-2.6.1] startup
[11.217s] [ext: omni.kit.menu.create-2.0.1] startup
[11.225s] [ext: omni.kit.widget.text_editor-1.1.1] startup
[11.232s] [ext: omni.kit.ui_test-1.3.7] startup
[11.242s] [ext: omni.kit.scripting-107.3.2] startup
[11.270s] [ext: omni.kit.window.extensions-1.4.27] startup
[11.354s] [ext: omni.graph.visualization.nodes-2.1.3] startup
[11.412s] [ext: isaacsim.replicator.behavior-1.1.16] startup
[11.417s] [ext: isaacsim.gui.components-1.2.1] startup
[11.456s] [ext: isaacsim.gui.menu-2.4.4] startup
[11.520s] [ext: isaacsim.core.cloner-1.4.10] startup
[11.534s] [ext: semantics.schema.editor-2.0.2] startup
2026-10-08T04:48:48Z [11,309ms] [Warning] [pxr.Semantics] pxr.Semantics is deprecated - please use Semantics instead
[11.559s] [ext: omni.kit.widget.zoombar-1.0.6] startup
[11.565s] [ext: omni.kit.usd.collect-2.4.5] startup
[11.587s] [ext: omni.kit.browser.core-2.3.13] startup
[11.616s] [ext: omni.kit.menu.stage-1.2.7] startup
[11.624s] [ext: omni.kit.tool.collect-2.2.18] startup
[11.640s] [ext: omni.kit.browser.folder.core-1.10.9] startup
[11.680s] [ext: isaacsim.core.experimental.utils-0.3.0] startup
[11.687s] [ext: isaacsim.asset.browser-1.3.23] startup
[12.261s] [ext: omni.kit.widget.graph-2.0.0] startup
[12.305s] [ext: omni.graph.image.core-0.6.1] startup
[12.310s] [ext: omni.kit.graph.delegate.default-1.2.3] startup
[12.313s] [ext: omni.graph.image.nodes-1.3.1] startup
[12.316s] [ext: omni.kit.graph.editor.core-1.5.3] startup
[12.332s] [ext: omni.graph.nodes-1.170.10] startup
[12.355s] [ext: omni.graph.ui_nodes-1.50.5] startup
[12.368s] [ext: omni.kit.graph.usd.commands-1.3.1] startup
[12.376s] [ext: omni.kit.widget.material_preview-1.0.16] startup
[12.390s] [ext: omni.videoencoding-0.1.2] startup
[12.405s] [ext: omni.kit.stagerecorder.core-107.0.3] startup
[12.421s] [ext: omni.warp-1.8.2] startup
[12.443s] [ext: omni.syntheticdata-0.6.13] startup
[12.553s] [ext: omni.kit.window.material_graph-1.9.1] startup
[12.698s] [ext: omni.graph.scriptnode-1.50.0] startup
[12.724s] [ext: omni.kit.stagerecorder.ui-107.0.1] startup
[12.801s] [ext: omni.replicator.core-1.12.27] startup
2026-10-08T04:48:50Z [13,048ms] [Warning] [omni.graph.core.plugin] Found duplicate of category 'Replicator' - was 'Annotators', adding 'Fabric Reader'
2026-10-08T04:48:50Z [13,048ms] [Warning] [omni.graph.core.plugin] Category 'Replicator' not accepted on node type 'omni.replicator.core.FabricReader' in extension 'omni.replicator.core'
2026-10-08T04:48:50Z [13,050ms] [Warning] [omni.replicator.core.scripts.extension] No material configuration file, adding configuration to material settings directly.
[13.300s] [ext: omni.kit.stagerecorder.bundle-105.0.2] startup
[13.300s] [ext: isaacsim.core.nodes-3.4.3] startup
[13.327s] [ext: isaacsim.test.docstring-1.1.0] startup
[13.366s] [ext: isaacsim.sensors.camera-1.3.6] startup
[13.420s] [ext: isaacsim.core.experimental.prims-0.8.1] startup
[13.656s] [ext: omni.kit.usdz_export-1.0.9] startup
[13.677s] [ext: isaacsim.robot.surface_gripper-3.3.1] startup
[13.707s] [ext: isaacsim.sensors.physics-0.4.3] startup
[13.753s] [ext: omni.kit.tool.asset_importer-4.3.2] startup
[13.813s] [ext: isaacsim.robot.manipulators-3.3.6] startup
[13.881s] [ext: isaacsim.robot.policy.examples-4.1.11] startup
[13.917s] [ext: omni.sensors.nv.common-3.0.0] startup
[13.987s] [ext: isaacsim.asset.importer.mjcf-2.5.13] startup
[14.677s] [ext: isaacsim.util.debug_draw-3.1.0] startup
[14.729s] [ext: omni.sensors.nv.materials-2.0.0] startup
[14.773s] [ext: omni.sensors.net-1.0.0] startup
[14.812s] [ext: isaacsim.sensors.physx-2.3.2] startup
[14.862s] [ext: isaacsim.examples.browser-0.2.1] startup
[14.903s] [ext: isaacsim.asset.importer.urdf-2.4.31] startup
[15.150s] [ext: isaacsim.simulation_app-2.12.2] startup
[15.154s] [ext: omni.sensors.nv.ids-2.0.0] startup
[15.222s] [ext: omni.sensors.nv.lidar-3.0.0] startup
[15.249s] [ext: omni.kit.property.audio-1.0.16] startup
[15.260s] [ext: omni.kit.property.camera-1.0.10] startup
[15.268s] [ext: omni.kit.property.geometry-2.0.4] startup
[15.290s] [ext: omni.hydra.scene_api-0.1.2] startup
[15.302s] [ext: omni.sensors.nv.wpm-3.0.0] startup
[15.315s] [ext: omni.kit.property.light-1.0.12] startup
[15.353s] [ext: omni.kit.property.material-1.11.9] startup
[15.451s] [ext: omni.kit.property.render-1.2.1] startup
[15.463s] [ext: omni.kit.property.transform-1.5.13] startup
[15.512s] [ext: omni.sensors.nv.radar-3.0.0] startup
[15.543s] [ext: omni.anim.curve.core-1.3.1] startup
[15.608s] [ext: omni.kit.manipulator.camera-106.0.4] startup
[15.655s] [ext: isaacsim.gui.property-1.1.3] startup
[15.665s] [ext: omni.kit.property.bundle-1.4.1] startup
[15.674s] [ext: isaacsim.sensors.rtx-15.8.4] startup
[15.703s] [ext: omni.kit.viewport.menubar.camera-107.0.6] startup
[15.744s] [ext: omni.kit.viewport.menubar.lighting-107.3.1] startup
[15.759s] [ext: omni.kit.viewport.menubar.render-107.0.10] startup
[15.776s] [ext: omni.kit.viewport.menubar.settings-107.0.3] startup
[15.801s] [ext: omni.kit.window.script_editor-2.0.1] startup
[15.816s] [ext: omni.kit.window.console-1.1.4] startup
[15.835s] [ext: isaacsim.robot.wheeled_robots-4.0.24] startup
[15.878s] [ext: omni.physx.demos-107.3.26] startup
[16.092s] [ext: omni.kit.property.physx-107.3.26] startup
[16.221s] [ext: omni.rtx.window.settings-0.6.19] startup
[16.256s] [ext: omni.ocio-0.1.1] startup
[16.272s] [ext: omni.asset_validator.core-1.1.6] startup
[16.470s] [ext: omni.physx.vehicle-107.3.26] startup
[16.597s] [ext: omni.replicator.replicator_yaml-2.0.11] startup
[16.685s] [ext: omni.rtx.settings.core-0.6.5] startup
[16.712s] [ext: omni.kit.window.toolbar-2.0.0] startup
[16.724s] [ext: omni.kit.window.status_bar-0.1.9] startup
[16.733s] [ext: omni.physx.asset_validator-107.3.26] startup
[16.771s] [ext: omni.physx.camera-107.3.26] startup
[16.795s] [ext: omni.physx.cct-107.3.26] startup
[16.823s] [ext: omni.physx.graph-107.3.26] startup
[16.852s] [ext: omni.physx.supportui-107.3.26] startup
[16.931s] [ext: omni.physx.telemetry-107.3.26] startup
[16.939s] [ext: omni.usd.metrics.assembler.ui-107.3.1] startup
[16.975s] [ext: isaacsim.app.about-2.0.11] startup
[16.980s] [ext: isaacsim.core.throttling-2.2.2] startup
[16.986s] [ext: omni.kit.ui.actions-1.0.5] startup
[16.995s] [ext: semantics.schema.property-2.0.1] startup
[17.003s] [ext: omni.physx.bundle-107.3.26] startup
[17.005s] [ext: isaaclab-0.53.1] startup
[18.397s] [ext: isaaclab_assets-0.2.4] startup
[19.142s] [ext: isaaclab_tasks-0.11.12] startup
[20.027s] [ext: omni.kit.menu.common-2.0.1] startup
[20.035s] [ext: isaaclab_rl-0.4.7] startup
[20.037s] [ext: isaaclab_mimic-1.0.16] startup
[20.038s] [ext: isaaclab.python-2.3.0] startup
[20.045s] Simulation App Starting
2026-10-08T04:48:57Z [20,312ms] [Warning] [omni.fabric.plugin] Warning: attribute overrideClipRange not found for bucket id 9

[20.608s] app ready
[INFO][AppLauncher]: Using device: cuda:0
[INFO][AppLauncher]: Loading experience file: C:\Users\ethan\Documents\Projects\watai\WorldFold\.venv-isaac\src\IsaacLab\apps\isaaclab.python.kit

[36m===================================================================================================================[0m
[36m[1m[INFO][IsaacLab]: Logging to file: C:\Users\ethan\AppData\Local\Temp\isaaclab\logs\isaaclab_2026-10-08_00-49-03.log[0m
[36m===================================================================================================================[0m

[33m00:49:04 [simulation_context.py] WARNING: The `enable_external_forces_every_iteration` parameter in the PhysxCfg is set to False. If you are experiencing noisy velocities, consider enabling this flag. You may need to slightly increase the number of velocity iterations (setting it to 1 or 2 rather than 0), together with this flag, to improve the accuracy of velocity updates.[0m
[INFO]: Base environment:
	Environment device    : cuda:0
	Environment seed      : None
	Physics step-size     : 0.01
	Rendering step-size   : 0.05
	Environment step-size : 0.05
2026-10-08 00:49:06 - lehome.assets.object.Garment - WARNING - [GarmentObject] No visual materials specified
2026-10-08 00:49:06 - lehome.assets.object.Garment - WARNING - [GarmentObject] No visual materials specified
2026-10-08 00:49:07 - lehome.assets.object.Garment - WARNING - [GarmentObject] No visual materials specified
2026-10-08 00:49:07 - lehome.assets.object.Garment - WARNING - [GarmentObject] No visual materials specified
2026-10-08 00:49:07 - lehome.assets.object.Garment - WARNING - [GarmentObject] No visual materials specified
2026-10-08 00:49:08 - lehome.assets.object.Garment - WARNING - [GarmentObject] No visual materials specified
[23.769s] Simulation App Startup Complete
2026-10-08T04:49:03Z [26,428ms] [Warning] [isaaclab.envs.direct_rl_env] Seed not set for the environment. The environment creation may not be deterministic.
[26.882s] [ext: omni.physx.fabric-107.3.26] startup
2026-10-08T04:49:05Z [29,030ms] [Warning] [isaacsim.core.prims.impl.cloth_prim] Please note that support for particle cloth and related APIs is now deprecated. These features will be removed in future releases.
2026-10-08T04:49:06Z [29,577ms] [Warning] [isaacsim.core.prims.impl.cloth_prim] Please note that support for particle cloth and related APIs is now deprecated. These features will be removed in future releases.
2026-10-08T04:49:07Z [30,042ms] [Warning] [isaacsim.core.prims.impl.cloth_prim] Please note that support for particle cloth and related APIs is now deprecated. These features will be removed in future releases.
2026-10-08T04:49:07Z [30,487ms] [Warning] [isaacsim.core.prims.impl.cloth_prim] Please note that support for particle cloth and related APIs is now deprecated. These features will be removed in future releases.
2026-10-08T04:49:07Z [30,968ms] [Warning] [isaacsim.core.prims.impl.cloth_prim] Please note that support for particle cloth and related APIs is now deprecated. These features will be removed in future releases.
2026-10-08T04:49:08Z [31,475ms] [Warning] [isaacsim.core.prims.impl.cloth_prim] Please note that support for particle cloth and related APIs is now deprecated. These features will be removed in future releases.
2026-10-08T04:49:08Z [31,558ms] [Warning] [omni.physicsschema.plugin] Non-uniform scale may result in a non matching collision representation on prim: /World/Robot/Left_Robot/gripper/Capsule
2026-10-08T04:49:08Z [31,559ms] [Warning] [omni.physicsschema.plugin] Non-uniform scale may result in a non matching collision representation on prim: /World/Robot/Left_Robot/jaw/Capsule
2026-10-08T04:49:08Z [31,560ms] [Warning] [omni.physicsschema.plugin] Non-uniform scale may result in a non matching collision representation on prim: /World/Robot/Right_Robot/gripper/Capsule
2026-10-08T04:49:08Z [31,560ms] [Warning] [omni.physicsschema.plugin] Non-uniform scale may result in a non matching collision representation on prim: /World/Robot/Right_Robot/jaw/Capsule
2026-10-08T04:49:08Z [31,561ms] [Warning] [omni.physicsschema.plugin] Non-uniform scale may result in a non matching collision representation on prim: /World/Copy1/Robot/Left_Robot/gripper/Capsule
2026-10-08T04:49:08Z [31,561ms] [Warning] [omni.physicsschema.plugin] Non-uniform scale may result in a non matching collision representation on prim: /World/Copy1/Robot/Left_Robot/jaw/Capsule
2026-10-08T04:49:08Z [31,562ms] [Warning] [omni.physicsschema.plugin] Non-uniform scale may result in a non matching collision representation on prim: /World/Copy1/Robot/Right_Robot/gripper/Capsule
2026-10-08T04:49:08Z [31,562ms] [Warning] [omni.physicsschema.plugin] Non-uniform scale may result in a non matching collision representation on prim: /World/Copy1/Robot/Right_Robot/jaw/Capsule
2026-10-08T04:49:08Z [31,563ms] [Warning] [omni.physicsschema.plugin] Non-uniform scale may result in a non matching collision representation on prim: /World/Copy2/Robot/Left_Robot/gripper/Capsule
2026-10-08T04:49:08Z [31,563ms] [Warning] [omni.physicsschema.plugin] Non-uniform scale may result in a non matching collision representation on prim: /World/Copy2/Robot/Left_Robot/jaw/Capsule
2026-10-08T04:49:08Z [31,564ms] [Warning] [omni.physicsschema.plugin] Non-uniform scale may result in a non matching collision representation on prim: /World/Copy2/Robot/Right_Robot/gripper/Capsule
2026-10-08T04:49:08Z [31,565ms] [Warning] [omni.physicsschema.plugin] Non-uniform scale may result in a non matching collision representation on prim: /World/Copy2/Robot/Right_Robot/jaw/Capsule
2026-10-08T04:49:08Z [31,565ms] [Warning] [omni.physicsschema.plugin] Non-uniform scale may result in a non matching collision representation on prim: /World/Copy3/Robot/Left_Robot/gripper/Capsule
2026-10-08T04:49:08Z [31,566ms] [Warning] [omni.physicsschema.plugin] Non-uniform scale may result in a non matching collision representation on prim: /World/Copy3/Robot/Left_Robot/jaw/Capsule
2026-10-08T04:49:08Z [31,567ms] [Warning] [omni.physicsschema.plugin] Non-uniform scale may result in a non matching collision representation on prim: /World/Copy3/Robot/Right_Robot/gripper/Capsule
2026-10-08T04:49:08Z [31,567ms] [Warning] [omni.physicsschema.plugin] Non-uniform scale may result in a non matching collision representation on prim: /World/Copy3/Robot/Right_Robot/jaw/Capsule
2026-10-08T04:49:08Z [31,568ms] [Warning] [omni.physicsschema.plugin] Non-uniform scale may result in a non matching collision representation on prim: /World/Copy4/Robot/Left_Robot/gripper/Capsule
2026-10-08T04:49:08Z [31,569ms] [Warning] [omni.physicsschema.plugin] Non-uniform scale may result in a non matching collision representation on prim: /World/Copy4/Robot/Left_Robot/jaw/Capsule
2026-10-08T04:49:08Z [31,570ms] [Warning] [omni.physicsschema.plugin] Non-uniform scale may result in a non matching collision representation on prim: /World/Copy4/Robot/Right_Robot/gripper/Capsule
2026-10-08T04:49:08Z [31,570ms] [Warning] [omni.physicsschema.plugin] Non-uniform scale may result in a non matching collision representation on prim: /World/Copy4/Robot/Right_Robot/jaw/Capsule
2026-10-08T04:49:08Z [31,571ms] [Warning] [omni.physicsschema.plugin] Non-uniform scale may result in a non matching collision representation on prim: /World/Copy5/Robot/Left_Robot/gripper/Capsule
2026-10-08T04:49:08Z [31,572ms] [Warning] [omni.physicsschema.plugin] Non-uniform scale may result in a non matching collision representation on prim: /World/Copy5/Robot/Left_Robot/jaw/Capsule
2026-10-08T04:49:08Z [31,573ms] [Warning] [omni.physicsschema.plugin] Non-uniform scale may result in a non matching collision representation on prim: /World/Copy5/Robot/Right_Robot/gripper/Capsule
2026-10-08T04:49:08Z [31,573ms] [Warning] [omni.physicsschema.plugin] Non-uniform scale may result in a non matching collision representation on prim: /World/Copy5/Robot/Right_Robot/jaw/Capsule
2026-10-08T04:49:09Z [33,024ms] [Warning] [omni.physx.plugin] Detected an articulation at /World/Copy1/Robot/Left_Robot with more than 4 velocity iterations being added to a TGS scene.The related behavior changed recently, please consult the changelog. This warning will only print once.
2026-10-08T04:49:10Z [33,868ms] [Warning] [carb] Client omni.hydratexture.plugin has acquired [carb::settings::ISettings v1.0] 100 times. Consider accessing this interface with carb::getCachedInterface() (Performance warning)
2026-10-08T04:49:10Z [33,987ms] [Warning] [carb] Client omni.hydratexture.plugin has acquired [carb::dictionary::IDictionary v1.1] 100 times. Consider accessing this interface with carb::getCachedInterface() (Performance warning)
2026-10-08T04:49:11Z [34,797ms] [Warning] [omni.fabric.plugin] USD->Fabric: Unhandled array type string[]
2026-10-08T04:49:11Z [34,844ms] [Warning] [usdrt.population.plugin] [UsdNoticeHandler] Unhandled attribute type VtArray<std::string> (prim attribute: omni:rtx:material:db:flattener:transmittance_color)
2026-10-08T04:49:11Z [34,845ms] [Warning] [usdrt.population.plugin] [UsdNoticeHandler] Unhandled attribute type VtArray<std::string> (prim attribute: omni:rtx:material:db:flattener:reflection_roughness_constant)
2026-10-08T04:49:11Z [34,845ms] [Warning] [usdrt.population.plugin] [UsdNoticeHandler] Unhandled attribute type VtArray<std::string> (prim attribute: omni:rtx:material:db:flattener:ior_constant)
2026-10-08T04:49:11Z [34,845ms] [Warning] [usdrt.population.plugin] [UsdNoticeHandler] Unhandled attribute type VtArray<std::string> (prim attribute: omni:rtx:material:db:flattener:transmittance_color)
2026-10-08T04:49:11Z [34,845ms] [Warning] [usdrt.population.plugin] [UsdNoticeHandler] Unhandled attribute type VtArray<std::string> (prim attribute: omni:rtx:material:db:flattener:ior_constant)
2026-10-08T04:49:11Z [34,845ms] [Warning] [usdrt.population.plugin] [UsdNoticeHandler] Unhandled attribute type VtArray<std::string> (prim attribute: omni:rtx:material:db:flattener:reflection_roughness_constant)
2026-10-08T04:49:11Z [34,845ms] [Warning] [usdrt.population.plugin] [UsdNoticeHandler] Unhandled attribute type VtArray<std::string> (prim attribute: omni:rtx:material:db:flattener:ior_constant)
2026-10-08T04:49:11Z [34,846ms] [Warning] [usdrt.population.plugin] [UsdNoticeHandler] Unhandled attribute type VtArray<std::string> (prim attribute: omni:rtx:material:db:flattener:ior_constant)
2026-10-08T04:49:11Z [34,846ms] [Warning] [usdrt.population.plugin] [UsdNoticeHandler] Unhandled attribute type VtArray<std::string> (prim attribute: omni:rtx:material:db:flattener:reflection_roughness_constant)
2026-10-08T04:49:11Z [34,846ms] [Warning] [usdrt.population.plugin] [UsdNoticeHandler] Unhandled attribute type VtArray<std::string> (prim attribute: omni:rtx:material:db:flattener:transmittance_color)
2026-10-08T04:49:11Z [34,846ms] [Warning] [usdrt.population.plugin] [UsdNoticeHandler] Unhandled attribute type VtArray<std::string> (prim attribute: omni:rtx:material:db:flattener:transmittance_color)
2026-10-08T04:49:11Z [34,847ms] [Warning] [usdrt.population.plugin] [UsdNoticeHandler] Unhandled attribute type VtArray<std::string> (prim attribute: omni:rtx:material:db:flattener:reflection_roughness_constant)
2026-10-08T04:49:11Z [34,847ms] [Warning] [usdrt.population.plugin] [UsdNoticeHandler] Unhandled attribute type VtArray<std::string> (prim attribute: omni:rtx:material:db:flattener:reflection_roughness_constant)
2026-10-08T04:49:11Z [34,847ms] [Warning] [usdrt.population.plugin] [UsdNoticeHandler] Unhandled attribute type VtArray<std::string> (prim attribute: omni:rtx:material:db:flattener:ior_constant)
2026-10-08T04:49:11Z [34,847ms] [Warning] [usdrt.population.plugin] [UsdNoticeHandler] Unhandled attribute type VtArray<std::string> (prim attribute: omni:rtx:material:db:flattener:ior_constant)
2026-10-08T04:49:11Z [34,847ms] [Warning] [usdrt.population.plugin] [UsdNoticeHandler] Unhandled attribute type VtArray<std::string> (prim attribute: omni:rtx:material:db:flattener:reflection_roughness_constant)
2026-10-08T04:49:11Z [34,847ms] [Warning] [usdrt.population.plugin] [UsdNoticeHandler] Unhandled attribute type VtArray<std::string> (prim attribute: omni:rtx:material:db:flattener:transmittance_color)
2026-10-08T04:49:11Z [34,847ms] [Warning] [usdrt.population.plugin] [UsdNoticeHandler] Unhandled attribute type VtArray<std::string> (prim attribute: omni:rtx:material:db:flattener:reflection_roughness_constant)
2026-10-08T04:49:11Z [34,848ms] [Warning] [usdrt.population.plugin] [UsdNoticeHandler] Unhandled attribute type VtArray<std::string> (prim attribute: omni:rtx:material:db:flattener:reflection_roughness_constant)
2026-10-08T04:49:11Z [34,848ms] [Warning] [usdrt.population.plugin] [UsdNoticeHandler] Unhandled attribute type VtArray<std::string> (prim attribute: omni:rtx:material:db:flattener:reflection_roughness_constant)
2026-10-08T04:49:11Z [34,848ms] [Warning] [usdrt.population.plugin] [UsdNoticeHandler] Unhandled attribute type VtArray<std::string> (prim attribute: omni:rtx:material:db:flattener:transmittance_color)
2026-10-08T04:49:11Z [34,848ms] [Warning] [usdrt.population.plugin] [UsdNoticeHandler] Unhandled attribute type VtArray<std::string> (prim attribute: omni:rtx:material:db:flattener:transmittance_color)
2026-10-08T04:49:11Z [34,848ms] [Warning] [usdrt.population.plugin] [UsdNoticeHandler] Unhandled attribute type VtArray<std::string> (prim attribute: omni:rtx:material:db:flattener:ior_constant)
2026-10-08T04:49:11Z [34,848ms] [Warning] [usdrt.population.plugin] [UsdNoticeHandler] Unhandled attribute type VtArray<std::string> (prim attribute: omni:rtx:material:db:flattener:transmittance_color)
2026-10-08T04:49:11Z [34,848ms] [Warning] [usdrt.population.plugin] [UsdNoticeHandler] Unhandled attribute type VtArray<std::string> (prim attribute: omni:rtx:material:db:flattener:transmittance_color)
2026-10-08T04:49:11Z [34,848ms] [Warning] [usdrt.population.plugin] [UsdNoticeHandler] Unhandled attribute type VtArray<std::string> (prim attribute: omni:rtx:material:db:flattener:ior_constant)
2026-10-08T04:49:11Z [34,849ms] [Warning] [usdrt.population.plugin] [UsdNoticeHandler] Unhandled attribute type VtArray<std::string> (prim attribute: omni:rtx:material:db:flattener:transmittance_color)
2026-10-08T04:49:11Z [34,849ms] [Warning] [usdrt.population.plugin] [UsdNoticeHandler] Unhandled attribute type VtArray<std::string> (prim attribute: omni:rtx:material:db:flattener:transmittance_color)
2026-10-08T04:49:11Z [34,849ms] [Warning] [usdrt.population.plugin] [UsdNoticeHandler] Unhandled attribute type VtArray<std::string> (prim attribute: omni:rtx:material:db:flattener:transmittance_color)
2026-10-08T04:49:11Z [34,849ms] [Warning] [usdrt.population.plugin] [UsdNoticeHandler] Unhandled attribute type VtArray<std::string> (prim attribute: omni:rtx:material:db:flattener:ior_constant)
2026-10-08T04:49:11Z [34,849ms] [Warning] [usdrt.population.plugin] [UsdNoticeHandler] Unhandled attribute type VtArray<std::string> (prim attribute: omni:rtx:material:db:flattener:reflection_roughness_constant)
2026-10-08T04:49:11Z [34,850ms] [Warning] [usdrt.population.plugin] [UsdNoticeHandler] Unhandled attribute type VtArray<std::string> (prim attribute: omni:rtx:material:db:flattener:ior_constant)
2026-10-08T04:49:11Z [34,850ms] [Warning] [usdrt.population.plugin] [UsdNoticeHandler] Unhandled attribute type VtArray<std::string> (prim attribute: omni:rtx:material:db:flattener:reflection_roughness_constant)
2026-10-08T04:49:11Z [34,850ms] [Warning] [usdrt.population.plugin] [UsdNoticeHandler] Unhandled attribute type VtArray<std::string> (prim attribute: omni:rtx:material:db:flattener:ior_constant)
2026-10-08T04:49:11Z [34,850ms] [Warning] [usdrt.population.plugin] [UsdNoticeHandler] Unhandled attribute type VtArray<std::string> (prim attribute: omni:rtx:material:db:flattener:transmittance_color)
2026-10-08T04:49:11Z [34,850ms] [Warning] [usdrt.population.plugin] [UsdNoticeHandler] Unhandled attribute type VtArray<std::string> (prim attribute: omni:rtx:material:db:flattener:ior_constant)
2026-10-08T04:49:11Z [34,850ms] [Warning] [usdrt.population.plugin] [UsdNoticeHandler] Unhandled attribute type VtArray<std::string> (prim attribute: omni:rtx:material:db:flattener:ior_constant)
2026-10-08T04:49:11Z [34,850ms] [Warning] [usdrt.population.plugin] [UsdNoticeHandler] Unhandled attribute type VtArray<std::string> (prim attribute: omni:rtx:material:db:flattener:ior_constant)
2026-10-08T04:49:11Z [34,850ms] [Warning] [usdrt.population.plugin] [UsdNoticeHandler] Unhandled attribute type VtArray<std::string> (prim attribute: omni:rtx:material:db:flattener:transmittance_color)
2026-10-08T04:49:11Z [34,851ms] [Warning] [usdrt.population.plugin] [UsdNoticeHandler] Unhandled attribute type VtArray<std::string> (prim attribute: omni:rtx:material:db:flattener:ior_constant)
2026-10-08T04:49:11Z [34,851ms] [Warning] [usdrt.population.plugin] [UsdNoticeHandler] Unhandled attribute type VtArray<std::string> (prim attribute: omni:rtx:material:db:flattener:transmittance_color)
2026-10-08T04:49:11Z [34,851ms] [Warning] [usdrt.population.plugin] [UsdNoticeHandler] Unhandled attribute type VtArray<std::string> (prim attribute: omni:rtx:material:db:flattener:ior_constant)
2026-10-08T04:49:11Z [34,851ms] [Warning] [usdrt.population.plugin] [UsdNoticeHandler] Unhandled attribute type VtArray<std::string> (prim attribute: omni:rtx:material:db:flattener:reflection_roughness_constant)
2026-10-08T04:49:11Z [34,851ms] [Warning] [usdrt.population.plugin] [UsdNoticeHandler] Unhandled attribute type VtArray<std::string> (prim attribute: omni:rtx:material:db:flattener:ior_constant)
2026-10-08T04:49:11Z [34,851ms] [Warning] [usdrt.population.plugin] [UsdNoticeHandler] Unhandled attribute type VtArray<std::string> (prim attribute: omni:rtx:material:db:flattener:reflection_roughness_constant)
2026-10-08T04:49:11Z [34,851ms] [Warning] [usdrt.population.plugin] [UsdNoticeHandler] Unhandled attribute type VtArray<std::string> (prim attribute: omni:rtx:material:db:flattener:transmittance_color)
2026-10-08T04:49:11Z [34,851ms] [Warning] [usdLoading user config located at: 'C:/Users/ethan/Documents/Projects/watai/WorldFold/.venv-isaac/kit/data/Kit/Isaac-Sim/5.1/user.config.json'
[Info] [carb] Logging to file: C:/Users/ethan/Documents/Projects/watai/WorldFold/.venv-isaac/kit/logs/Kit/Isaac-Sim/5.1/kit_20261008_004917.log
2026-10-08T04:49:17Z [13ms] [Warning] [carb.crashreporter-breakpad.plugin] [previous crash] preventing upload of minidump due to user opt-out: 'C:/Users/ethan/Documents/Projects/watai/WorldFold/.venv-isaac/kit/data/Kit/Isaac-Sim/5.1\c028bb7c-c523-4d6e-8b2b-2af63f808ac2.dmp'
2026-10-08T04:49:17Z [14ms] [Warning] [carb.crashreporter-breakpad.plugin] [previous crash] preventing upload of minidump due to user opt-out: 'C:/Users/ethan/Documents/Projects/watai/WorldFold/.venv-isaac/kit/data/Kit/Isaac-Sim/5.1\581073d2-5aa0-4aac-8bfa-8d8e8aec0915.dmp'
[0.316s] [ext: omni.kit.async_engine-0.0.3] startup
[0.588s] [ext: omni.metrics.core-0.0.3] startup
[0.593s] [ext: omni.client.lib-1.1.0] startup
[0.621s] [ext: omni.blobkey-1.1.2] startup
[0.623s] [ext: omni.stats-1.0.1] startup
[0.626s] [ext: omni.datastore-0.0.0] startup
[0.631s] [ext: omni.client-1.3.0] startup
[0.644s] [ext: omni.ujitso.default-1.0.0] startup
[0.651s] [ext: omni.hsscclient-1.1.2] startup
[0.664s] [ext: omni.gpu_foundation.shadercache.d3d12-1.0.0] startup
[0.670s] [ext: omni.assets.plugins-0.0.0] startup
[0.676s] [ext: omni.gpu_foundation-0.0.0] startup
[0.726s] [ext: carb.windowing.plugins-1.0.0] startup
[0.918s] [ext: omni.kit.renderer.init-0.0.0] startup
[0.921s] [ext: omni.materialx.libs-1.0.7] startup
[0.940s] [ext: omni.kit.pipapi-0.0.0] startup
[0.944s] [ext: omni.usd.config-1.0.6] startup
[0.972s] [ext: omni.gpucompute.plugins-0.0.0] startup
[0.976s] [ext: omni.usd.libs-1.0.1] startup
[1.143s] [ext: omni.kit.telemetry-0.5.2] startup
[1.169s] [ext: omni.mdl-56.0.3] startup
[1.305s] [ext: omni.iray.libs-0.0.0] startup
[1.334s] [ext: omni.mdl.neuraylib-0.2.12] startup
[1.345s] [ext: omni.kit.usd.mdl-1.1.5] startup
2026-10-08T04:49:18Z [1,270ms] [Warning] [gpu.foundation.plugin] Skipping unsupported non-NVIDIA GPU: Intel(R) Arc(TM) 140T GPU (32GB)
2026-10-08T04:49:18Z [1,272ms] [Warning] [gpu.foundation.plugin] Skipping unsupported non-NVIDIA GPU: Intel(R) Arc(TM) 140T GPU (32GB)
[1.508s] [ext: omni.kit.pip_archive-0.0.0] startup
[1.509s] [ext: omni.kit.loop-isaac-1.3.7] startup
[1.516s] [ext: omni.kit.test-2.0.1] startup
[1.716s] [ext: omni.appwindow-1.1.10] startup
[1.722s] [ext: omni.kit.renderer.core-1.1.0] startup
[1.739s] [ext: omni.kit.renderer.capture-0.0.0] startup
[1.748s] [ext: omni.kit.renderer.imgui-2.0.5] startup
[1.774s] [ext: omni.ui-2.27.1] startup
[1.796s] [ext: omni.kit.mainwindow-1.0.3] startup
[1.800s] [ext: carb.audio-0.1.0] startup
[1.802s] [ext: omni.uiaudio-1.0.0] startup
[1.807s] [ext: omni.kit.uiapp-0.0.0] startup
[1.807s] [ext: omni.usd.schema.metrics.assembler-107.3.1] startup
[1.820s] [ext: omni.usd.schema.geospatial-0.0.0] startup
[1.832s] [ext: omni.usd.schema.anim-0.0.0] startup
[1.880s] [ext: omni.usd.schema.physx-107.3.26] startup

|---------------------------------------------------------------------------------------------|
| Driver Version: 616.56        | Graphics API: D3D12
|=============================================================================================|
| GPU | Name                             | Active | LDA | GPU Memory | Vendor-ID | LUID       |
|     |                                  |        |     |            | Device-ID | UUID       |
|     |                                  |        |     |            | Bus-ID    |            |
|---------------------------------------------------------------------------------------------|
| 0   | NVIDIA GeForce RTX 5080 Laptop.. | Yes: 0 |     | 16003   MB | 10de      | 35350100.. |
|     |                                  |        |     |            | 2c59      | 0          |
|     |                                  |        |     |            | 1         |            |
|---------------------------------------------------------------------------------------------|
| 1   | Intel(R) Arc(TM) 140T GPU (32GB) |        |     | 128     MB | 8086      | c94f0100.. |
|     |                                  |        |     |            | 7d51      | 0          |
|     |                                  |        |     |            | N/A       |            |
|=============================================================================================|
| OS: Windows 11 Pro, Version: 10.0 (25H2), Build: 26200, Kernel: 10.0.26100.9457
| Processor: Intel(R) Core(TM) Ultra 9 285H
| Cores: 16 | Logical Cores: 16
|---------------------------------------------------------------------------------------------|
| Total Memory (MB): 64957 | Free Memory: 21473
| Total Page/Swap (MB): 77304 | Free Page/Swap: 356
|---------------------------------------------------------------------------------------------|
[1.921s] [ext: omni.usd.schema.omnigraph-1.0.0] startup
2026-10-08T04:49:19Z [1,741ms] [Warning] [gpu.foundation.plugin] PCIe link width current (8) and maximum (16) for device 0 don't match.
[1.937s] [ext: omni.usd.schema.semantics-0.0.0] startup
[1.949s] [ext: omni.usd.schema.audio-0.0.0] startup
[1.960s] [ext: isaacsim.robot.schema-3.6.0] startup
[1.983s] [ext: omni.usd_resolver-1.0.0] startup
[1.996s] [ext: omni.usd.core-1.5.3] startup
[1.998s] [ext: omni.usd.schema.omni_lens_distortion-0.0.0] startup
[2.067s] [ext: omni.usd.schema.omni_sensors-0.0.0] startup
[2.069s] [ext: omni.usd.schema.omniscripting-1.0.0] startup
[2.086s] [ext: omni.kit.window.popup_dialog-2.0.24] startup
[2.102s] [ext: omni.graph.exec-0.9.6] startup
[2.107s] [ext: omni.kit.widget.nucleus_connector-2.0.1] startup
[2.118s] [ext: omni.kit.usd_undo-0.1.8] startup
[2.120s] [ext: omni.kit.exec.core-0.13.4] startup
[2.135s] [ext: omni.kit.actions.core-1.0.0] startup
[2.146s] [ext: omni.resourcemonitor-107.0.1] startup
[2.158s] [ext: omni.activity.core-1.0.3] startup
[2.165s] [ext: omni.timeline-1.0.14] startup
[2.173s] [ext: omni.kit.commands-1.4.10] startup
[2.196s] [ext: usdrt.scenegraph-7.6.1] startup
[2.351s] [ext: omni.kit.audiodeviceenum-1.0.2] startup
[2.361s] [ext: omni.hydra.usdrt_delegate-7.5.1] startup
[2.418s] [ext: omni.hydra.scene_delegate-0.3.4] startup
[2.430s] [ext: omni.usd-1.13.10] startup
[2.575s] [ext: omni.kit.asset_converter-5.0.17] startup
[2.595s] [ext: omni.usd.schema.render_settings.rtx-0.0.0] startup
[2.600s] [ext: omni.index.libs-380600.8087.0] startup
[2.600s] [ext: omni.volume-0.5.2] startup
[2.612s] [ext: omni.ujitso.client-0.0.0] startup
[2.616s] [ext: omni.index-1.0.1] startup
[2.619s] [ext: omni.hydra.rtx.shadercache.d3d12-1.0.0] startup
[2.623s] [ext: omni.hydra.rtx-1.0.0] startup
[2.704s] [ext: omni.kit.viewport.legacy_gizmos-1.0.19] startup
[2.708s] [ext: omni.kit.raycast.query-1.1.0] startup
[2.717s] [ext: omni.kit.widget.path_field-2.0.11] startup
[2.722s] [ext: omni.kit.clipboard-1.0.5] startup
[2.727s] [ext: omni.kit.widget.options_menu-1.1.6] startup
[2.741s] [ext: omni.kit.helper.file_utils-0.1.9] startup
[2.747s] [ext: omni.kit.widget.browser_bar-2.0.10] startup
[2.752s] [ext: omni.kit.notification_manager-1.0.10] startup
[2.760s] [ext: omni.kit.menu.core-1.1.2] startup
[2.764s] [ext: omni.kit.widget.options_button-1.0.3] startup
[2.767s] [ext: omni.kit.widget.filebrowser-2.12.3] startup
[2.807s] [ext: omni.kit.viewport.registry-104.0.6] startup
[2.809s] [ext: omni.kit.menu.utils-2.0.5] startup
[2.853s] [ext: omni.kit.widget.context_menu-1.2.5] startup
[2.858s] [ext: omni.kit.usd.layers-2.2.11] startup
[2.898s] [ext: omni.ui.scene-1.11.5] startup
[2.908s] [ext: omni.kit.context_menu-1.8.6] startup
[2.921s] [ext: omni.kit.window.filepicker-2.13.4] startup
[3.046s] [ext: omni.kit.widget.searchable_combobox-1.0.6] startup
[3.054s] [ext: omni.kit.viewport.scene_camera_model-1.0.6] startup
[3.060s] [ext: omni.kit.hydra_texture-1.4.6] startup
[3.070s] [ext: omni.kit.window.file_importer-1.1.18] startup
[3.083s] [ext: omni.kit.widget.settings-1.2.6] startup
[3.095s] [ext: omni.kit.window.drop_support-1.0.5] startup
[3.097s] [ext: omni.kit.widget.viewport-107.1.3] startup
[3.126s] [ext: omni.kit.material.library-2.0.7] startup
[3.167s] [ext: omni.hydra.engine.stats-1.0.3] startup
[3.174s] [ext: omni.kit.window.preferences-1.8.0] startup
[3.209s] [ext: omni.kit.viewport.window-107.2.0] startup
[3.447s] [ext: omni.kit.manipulator.transform-107.0.0] startup
[3.479s] [ext: omni.kvdb-107.3.26] startup
[3.488s] [ext: omni.kit.widget.toolbar-2.0.1] startup
[3.519s] [ext: omni.kit.viewport.utility-1.1.2] startup
[3.523s] [ext: omni.usdphysics-107.3.26] startup
[3.530s] [ext: omni.physx.foundation-107.3.26] startup
[3.543s] [ext: omni.localcache-107.3.26] startup
[3.551s] [ext: omni.convexdecomposition-107.3.26] startup
[3.558s] [ext: omni.kit.manipulator.tool.snap-1.5.13] startup
[3.575s] [ext: omni.kit.manipulator.selector-1.1.3] startup
[3.578s] [ext: omni.physx.cooking-107.3.26] startup
[3.587s] [ext: omni.kit.viewport.manipulator.transform-107.0.4] startup
[3.594s] [ext: omni.physx-107.3.26] startup
[3.620s] [ext: omni.kit.manipulator.viewport-107.0.1] startup
[3.624s] [ext: omni.kit.primitive.mesh-1.0.17] startup
[3.641s] [ext: omni.kit.manipulator.prim.core-107.0.8] startup
[3.678s] [ext: omni.fabric.commands-1.1.6] startup
[3.699s] [ext: omni.kit.manipulator.prim.usd-107.0.3] startup
[3.705s] [ext: omni.kit.manipulator.prim.fabric-107.0.4] startup
[3.713s] [ext: omni.debugdraw-0.1.4] startup
[3.720s] [ext: omni.physx.commands-107.3.26] startup
[3.751s] [ext: omni.kit.manipulator.selection-106.0.1] startup
[3.757s] [ext: omni.kit.manipulator.prim-107.0.0] startup
[3.757s] [ext: omni.physics.tensors-107.3.26] startup
[3.783s] [ext: omni.kit.property.adapter.core-1.0.2] startup
[3.791s] [ext: omni.kit.widget.highlight_label-1.0.3] startup
[3.794s] [ext: omni.kit.widget.searchfield-1.1.8] startup
[3.801s] [ext: omni.kit.property.adapter.fabric-1.0.3] startup
[3.807s] [ext: omni.kit.widget.filter-1.1.4] startup
[3.811s] [ext: omni.kit.widget.prompt-1.0.7] startup
[3.815s] [ext: omni.kit.window.property-1.12.1] startup
[3.830s] [ext: omni.kit.property.adapter.usd-1.0.2] startup
[3.834s] [ext: omni.kit.hotkeys.core-1.3.10] startup
[3.838s] [ext: omni.kit.window.file_exporter-1.0.33] startup
[3.843s] [ext: omni.kit.stage_template.core-1.1.22] startup
[3.846s] [ext: omni.kit.viewport.menubar.core-107.2.1] startup
[3.907s] [ext: omni.kit.viewport.actions-107.0.2] startup
[3.921s] [ext: omni.kit.window.file-2.0.5] startup
[3.939s] [ext: omni.kit.window.content_browser_registry-0.0.6] startup
[3.942s] [ext: omni.kit.viewport.menubar.display-107.0.3] startup
[3.949s] [ext: omni.kit.window.content_browser-3.1.3] startup
[3.981s] [ext: omni.kit.widget.stage-3.1.4] startup
[4.037s] [ext: omni.inspect-1.0.2] startup
[4.044s] [ext: omni.kit.widget.layers-1.8.6] startup
[4.116s] [ext: omni.kit.property.usd-4.5.12] startup
[4.225s] [ext: omni.kit.numpy.common-0.1.3] startup
[4.230s] [ext: omni.physics-107.3.26] startup
[4.244s] [ext: omni.graph.core-2.184.5] startup
[4.250s] [ext: omni.usdphysics.ui-107.3.26] startup
[4.321s] [ext: omni.physics.stageupdate-107.3.26] startup
[4.334s] [ext: isaacsim.core.deprecation_manager-0.2.7] startup
[4.338s] [ext: omni.physx.ui-107.3.26] startup
[4.483s] [ext: isaacsim.core.version-2.0.6] startup
[4.487s] [ext: omni.usd.metrics.assembler-107.3.1] startup
[4.507s] [ext: omni.warp.core-1.8.2] startup
[5.048s] [ext: omni.ui_query-1.1.8] startup
[5.051s] [ext: omni.physics.physx-107.3.26] startup
2026-10-08T04:49:22Z [4,862ms] [Warning] [carb] Acquiring non optional plugin interface which is not listed as dependency: [omni::physx::IPhysxBenchmarks v1.0] (plugin: <default plugin>), by client: omni.physics.physx.plugin. Add it to CARB_PLUGIN_IMPL_DEPS() macro of a client.
[5.057s] [ext: isaacsim.storage.native-1.5.1] startup
[5.066s] [ext: omni.usd.metrics.assembler.physics-107.3.26] startup
[5.077s] [ext: omni.isaac.dynamic_control-2.0.7] startup
2026-10-08T04:49:22Z [4,897ms] [Warning] [omni.isaac.dynamic_control] omni.isaac.dynamic_control is deprecated as of Isaac Sim 4.5. No action is needed from end-users.
[5.092s] [ext: omni.graph.tools-1.79.2] startup
[5.241s] [ext: omni.physx.tensors-107.3.26] startup
[5.251s] [ext: isaacsim.core.utils-3.5.1] startup
[5.262s] [ext: omni.graph-1.141.2] startup
[5.453s] [ext: isaacsim.core.simulation_manager-1.4.4] startup
[14.071s] [ext: omni.graph.action_core-1.1.7] startup
[14.081s] [ext: omni.kit.stage_templates-2.0.0] startup
[14.095s] [ext: isaacsim.core.prims-0.6.1] startup
[14.196s] [ext: omni.graph.action_nodes-1.50.4] startup
[14.207s] [ext: isaacsim.core.api-4.8.0] startup
[14.294s] [ext: omni.graph.action-1.130.0] startup
[14.295s] [ext: omni.kit.widget.stage_icons-1.0.8] startup
[14.301s] [ext: omni.kit.selection-0.1.6] startup
[14.307s] [ext: omni.kit.window.stage-2.6.1] startup
[14.320s] [ext: omni.kit.menu.create-2.0.1] startup
[14.325s] [ext: omni.kit.widget.text_editor-1.1.1] startup
[14.333s] [ext: omni.kit.ui_test-1.3.7] startup
[14.345s] [ext: omni.kit.scripting-107.3.2] startup
[14.372s] [ext: omni.kit.window.extensions-1.4.27] startup
[14.425s] [ext: omni.graph.visualization.nodes-2.1.3] startup
[14.466s] [ext: isaacsim.replicator.behavior-1.1.16] startup
[14.488s] [ext: isaacsim.gui.components-1.2.1] startup
[14.560s] [ext: isaacsim.gui.menu-2.4.4] startup
[14.616s] [ext: isaacsim.core.cloner-1.4.10] startup
[14.630s] [ext: semantics.schema.editor-2.0.2] startup
2026-10-08T04:49:32Z [14,451ms] [Warning] [pxr.Semantics] pxr.Semantics is deprecated - please use Semantics instead
[14.648s] [ext: omni.kit.widget.zoombar-1.0.6] startup
[14.652s] [ext: omni.kit.usd.collect-2.4.5] startup
[14.665s] [ext: omni.kit.browser.core-2.3.13] startup
[14.685s] [ext: omni.kit.menu.stage-1.2.7] startup
[14.690s] [ext: omni.kit.tool.collect-2.2.18] startup
[14.702s] [ext: omni.kit.browser.folder.core-1.10.9] startup
[14.726s] [ext: isaacsim.core.experimental.utils-0.3.0] startup
[14.732s] [ext: isaacsim.asset.browser-1.3.23] startup
[15.142s] [ext: omni.kit.widget.graph-2.0.0] startup
[15.188s] [ext: omni.graph.image.core-0.6.1] startup
[15.192s] [ext: omni.kit.graph.delegate.default-1.2.3] startup
[15.195s] [ext: omni.graph.image.nodes-1.3.1] startup
[15.199s] [ext: omni.kit.graph.editor.core-1.5.3] startup
[15.215s] [ext: omni.graph.nodes-1.170.10] startup
[15.234s] [ext: omni.graph.ui_nodes-1.50.5] startup
[15.245s] [ext: omni.kit.graph.usd.commands-1.3.1] startup
[15.252s] [ext: omni.kit.widget.material_preview-1.0.16] startup
[15.266s] [ext: omni.videoencoding-0.1.2] startup
[15.276s] [ext: omni.kit.stagerecorder.core-107.0.3] startup
[15.289s] [ext: omni.warp-1.8.2] startup
[15.313s] [ext: omni.syntheticdata-0.6.13] startup
[15.425s] [ext: omni.kit.window.material_graph-1.9.1] startup
[15.547s] [ext: omni.graph.scriptnode-1.50.0] startup
[15.570s] [ext: omni.kit.stagerecorder.ui-107.0.1] startup
[15.643s] [ext: omni.replicator.core-1.12.27] startup
2026-10-08T04:49:33Z [15,972ms] [Warning] [omni.graph.core.plugin] Found duplicate of category 'Replicator' - was 'Annotators', adding 'Fabric Reader'
2026-10-08T04:49:33Z [15,972ms] [Warning] [omni.graph.core.plugin] Category 'Replicator' not accepted on node type 'omni.replicator.core.FabricReader' in extension 'omni.replicator.core'
2026-10-08T04:49:33Z [15,974ms] [Warning] [omni.replicator.core.scripts.extension] No material configuration file, adding configuration to material settings directly.
[16.172s] [ext: omni.kit.stagerecorder.bundle-105.0.2] startup
[16.175s] [ext: isaacsim.core.nodes-3.4.3] startup
[16.212s] [ext: isaacsim.test.docstring-1.1.0] startup
[16.243s] [ext: isaacsim.sensors.camera-1.3.6] startup
[16.294s] [ext: isaacsim.core.experimental.prims-0.8.1] startup
[16.432s] [ext: omni.kit.usdz_export-1.0.9] startup
[16.450s] [ext: isaacsim.robot.surface_gripper-3.3.1] startup
[16.477s] [ext: isaacsim.sensors.physics-0.4.3] startup
[16.516s] [ext: omni.kit.tool.asset_importer-4.3.2] startup
[16.577s] [ext: isaacsim.robot.manipulators-3.3.6] startup
[16.598s] [ext: isaacsim.robot.policy.examples-4.1.11] startup
[16.619s] [ext: omni.sensors.nv.common-3.0.0] startup
[16.728s] [ext: isaacsim.asset.importer.mjcf-2.5.13] startup
[17.453s] [ext: isaacsim.util.debug_draw-3.1.0] startup
[17.488s] [ext: omni.sensors.nv.materials-2.0.0] startup
[17.536s] [ext: omni.sensors.net-1.0.0] startup
[17.572s] [ext: isaacsim.sensors.physx-2.3.2] startup
[17.616s] [ext: isaacsim.examples.browser-0.2.1] startup
[17.664s] [ext: isaacsim.asset.importer.urdf-2.4.31] startup
[17.883s] [ext: isaacsim.simulation_app-2.12.2] startup
[17.883s] [ext: omni.sensors.nv.ids-2.0.0] startup
[17.940s] [ext: omni.sensors.nv.lidar-3.0.0] startup
[17.975s] [ext: omni.kit.property.audio-1.0.16] startup
[18.006s] [ext: omni.kit.property.camera-1.0.10] startup
[18.037s] [ext: omni.kit.property.geometry-2.0.4] startup
[18.080s] [ext: omni.hydra.scene_api-0.1.2] startup
[18.098s] [ext: omni.sensors.nv.wpm-3.0.0] startup
[18.115s] [ext: omni.kit.property.light-1.0.12] startup
[18.156s] [ext: omni.kit.property.material-1.11.9] startup
[18.238s] [ext: omni.kit.property.render-1.2.1] startup
[18.249s] [ext: omni.kit.property.transform-1.5.13] startup
[18.282s] [ext: omni.sensors.nv.radar-3.0.0] startup
[18.307s] [ext: omni.anim.curve.core-1.3.1] startup
[18.364s] [ext: omni.kit.manipulator.camera-106.0.4] startup
[18.395s] [ext: isaacsim.gui.property-1.1.3] startup
[18.415s] [ext: omni.kit.property.bundle-1.4.1] startup
[18.442s] [ext: isaacsim.sensors.rtx-15.8.4] startup
[18.467s] [ext: omni.kit.viewport.menubar.camera-107.0.6] startup
[18.513s] [ext: omni.kit.viewport.menubar.lighting-107.3.1] startup
[18.533s] [ext: omni.kit.viewport.menubar.render-107.0.10] startup
[18.550s] [ext: omni.kit.viewport.menubar.settings-107.0.3] startup
[18.587s] [ext: omni.kit.window.script_editor-2.0.1] startup
[18.604s] [ext: omni.kit.window.console-1.1.4] startup
[18.628s] [ext: isaacsim.robot.wheeled_robots-4.0.24] startup
[18.656s] [ext: omni.physx.demos-107.3.26] startup
[18.823s] [ext: omni.kit.property.physx-107.3.26] startup
[18.921s] [ext: omni.rtx.window.settings-0.6.19] startup
[18.953s] [ext: omni.ocio-0.1.1] startup
[18.959s] [ext: omni.asset_validator.core-1.1.6] startup
[19.128s] [ext: omni.physx.vehicle-107.3.26] startup
[19.228s] [ext: omni.replicator.replicator_yaml-2.0.11] startup
[19.308s] [ext: omni.rtx.settings.core-0.6.5] startup
[19.333s] [ext: omni.kit.window.toolbar-2.0.0] startup
[19.342s] [ext: omni.kit.window.status_bar-0.1.9] startup
[19.357s] [ext: omni.physx.asset_validator-107.3.26] startup
[19.408s] [ext: omni.physx.camera-107.3.26] startup
[19.430s] [ext: omni.physx.cct-107.3.26] startup
[19.467s] [ext: omni.physx.graph-107.3.26] startup
[19.500s] [ext: omni.physx.supportui-107.3.26] startup
[19.590s] [ext: omni.physx.telemetry-107.3.26] startup
[19.598s] [ext: omni.usd.metrics.assembler.ui-107.3.1] startup
[19.625s] [ext: isaacsim.app.about-2.0.11] startup
[19.630s] [ext: isaacsim.core.throttling-2.2.2] startup
[19.636s] [ext: omni.kit.ui.actions-1.0.5] startup
[19.642s] [ext: semantics.schema.property-2.0.1] startup
[19.652s] [ext: omni.physx.bundle-107.3.26] startup
[19.653s] [ext: isaaclab-0.53.1] startup
[20.864s] [ext: isaaclab_assets-0.2.4] startup
[21.594s] [ext: isaaclab_tasks-0.11.12] startup
[22.434s] [ext: omni.kit.menu.common-2.0.1] startup
[22.439s] [ext: isaaclab_rl-0.4.7] startup
[22.441s] [ext: isaaclab_mimic-1.0.16] startup
[22.442s] [ext: isaaclab.python-2.3.0] startup
[22.449s] Simulation App Starting
2026-10-08T04:49:40Z [22,479ms] [Warning] [omni.kvdb.plugin] Disabling key-value database because another kit process is locking it
2026-10-08T04:49:40Z [22,716ms] [Warning] [omni.fabric.plugin] Warning: attribute viewPickingId not found for bucket id 9

[22.955s] app ready
[INFO][AppLauncher]: Using device: cuda:0
[INFO][AppLauncher]: Loading experience file: C:\Users\ethan\Documents\Projects\watai\WorldFold\.venv-isaac\src\IsaacLab\apps\isaaclab.python.kit

[36m===================================================================================================================[0m
[36m[1m[INFO][IsaacLab]: Logging to file: C:\Users\ethan\AppData\Local\Temp\isaaclab\logs\isaaclab_2026-10-08_00-49-45.log[0m
[36m===================================================================================================================[0m

[33m00:49:48 [simulation_context.py] WARNING: The `enable_external_forces_every_iteration` parameter in the PhysxCfg is set to False. If you are experiencing noisy velocities, consider enabling this flag. You may need to slightly increase the number of velocity iterations (setting it to 1 or 2 rather than 0), together with this flag, to improve the accuracy of velocity updates.[0m
[INFO]: Base environment:
	Environment device    : cuda:0
	Environment seed      : None
	Physics step-size     : 0.01
	Rendering step-size   : 0.05
	Environment step-size : 0.05
2026-10-08 00:49:50 - lehome.assets.object.Garment - WARNING - [GarmentObject] No visual materials specified
2026-10-08 00:49:50 - lehome.assets.object.Garment - WARNING - [GarmentObject] No visual materials specified
2026-10-08 00:49:51 - lehome.assets.object.Garment - WARNING - [GarmentObject] No visual materials specified
2026-10-08 00:49:51 - lehome.assets.object.Garment - WARNING - [GarmentObject] No visual materials specified
2026-10-08 00:49:52 - lehome.assets.object.Garment - WARNING - [GarmentObject] No visual materials specified
2026-10-08 00:49:52 - lehome.assets.object.Garment - WARNING - [GarmentObject] No visual materials specified
[26.465s] Simulation App Startup Complete
2026-10-08T04:49:45Z [27,686ms] [Warning] [isaaclab.envs.direct_rl_env] Seed not set for the environment. The environment creation may not be deterministic.
[28.278s] [ext: omni.physx.fabric-107.3.26] startup
2026-10-08T04:49:50Z [32,402ms] [Warning] [isaacsim.core.prims.impl.cloth_prim] Please note that support for particle cloth and related APIs is now deprecated. These features will be removed in future releases.
2026-10-08T04:49:50Z [33,060ms] [Warning] [isaacsim.core.prims.impl.cloth_prim] Please note that support for particle cloth and related APIs is now deprecated. These features will be removed in future releases.
2026-10-08T04:49:51Z [33,573ms] [Warning] [isaacsim.core.prims.impl.cloth_prim] Please note that support for particle cloth and related APIs is now deprecated. These features will be removed in future releases.
2026-10-08T04:49:51Z [34,055ms] [Warning] [isaacsim.core.prims.impl.cloth_prim] Please note that support for particle cloth and related APIs is now deprecated. These features will be removed in future releases.
2026-10-08T04:49:52Z [34,498ms] [Warning] [isaacsim.core.prims.impl.cloth_prim] Please note that support for particle cloth and related APIs is now deprecated. These features will be removed in future releases.
2026-10-08T04:49:52Z [34,983ms] [Warning] [isaacsim.core.prims.impl.cloth_prim] Please note that support for particle cloth and related APIs is now deprecated. These features will be removed in future releases.
2026-10-08T04:49:52Z [35,063ms] [Warning] [omni.physicsschema.plugin] Non-uniform scale may result in a non matching collision representation on prim: /World/Robot/Left_Robot/gripper/Capsule
2026-10-08T04:49:52Z [35,064ms] [Warning] [omni.physicsschema.plugin] Non-uniform scale may result in a non matching collision representation on prim: /World/Robot/Left_Robot/jaw/Capsule
2026-10-08T04:49:52Z [35,064ms] [Warning] [omni.physicsschema.plugin] Non-uniform scale may result in a non matching collision representation on prim: /World/Robot/Right_Robot/gripper/Capsule
2026-10-08T04:49:52Z [35,065ms] [Warning] [omni.physicsschema.plugin] Non-uniform scale may result in a non matching collision representation on prim: /World/Robot/Right_Robot/jaw/Capsule
2026-10-08T04:49:52Z [35,065ms] [Warning] [omni.physicsschema.plugin] Non-uniform scale may result in a non matching collision representation on prim: /World/Copy1/Robot/Left_Robot/gripper/Capsule
2026-10-08T04:49:52Z [35,066ms] [Warning] [omni.physicsschema.plugin] Non-uniform scale may result in a non matching collision representation on prim: /World/Copy1/Robot/Left_Robot/jaw/Capsule
2026-10-08T04:49:52Z [35,066ms] [Warning] [omni.physicsschema.plugin] Non-uniform scale may result in a non matching collision representation on prim: /World/Copy1/Robot/Right_Robot/gripper/Capsule
2026-10-08T04:49:52Z [35,066ms] [Warning] [omni.physicsschema.plugin] Non-uniform scale may result in a non matching collision representation on prim: /World/Copy1/Robot/Right_Robot/jaw/Capsule
2026-10-08T04:49:52Z [35,067ms] [Warning] [omni.physicsschema.plugin] Non-uniform scale may result in a non matching collision representation on prim: /World/Copy2/Robot/Left_Robot/gripper/Capsule
2026-10-08T04:49:52Z [35,067ms] [Warning] [omni.physicsschema.plugin] Non-uniform scale may result in a non matching collision representation on prim: /World/Copy2/Robot/Left_Robot/jaw/Capsule
2026-10-08T04:49:52Z [35,068ms] [Warning] [omni.physicsschema.plugin] Non-uniform scale may result in a non matching collision representation on prim: /World/Copy2/Robot/Right_Robot/gripper/Capsule
2026-10-08T04:49:52Z [35,068ms] [Warning] [omni.physicsschema.plugin] Non-uniform scale may result in a non matching collision representation on prim: /World/Copy2/Robot/Right_Robot/jaw/Capsule
2026-10-08T04:49:52Z [35,069ms] [Warning] [omni.physicsschema.plugin] Non-uniform scale may result in a non matching collision representation on prim: /World/Copy3/Robot/Left_Robot/gripper/Capsule
2026-10-08T04:49:52Z [35,069ms] [Warning] [omni.physicsschema.plugin] Non-uniform scale may result in a non matching collision representation on prim: /World/Copy3/Robot/Left_Robot/jaw/Capsule
2026-10-08T04:49:52Z [35,070ms] [Warning] [omni.physicsschema.plugin] Non-uniform scale may result in a non matching collision representation on prim: /World/Copy3/Robot/Right_Robot/gripper/Capsule
2026-10-08T04:49:52Z [35,070ms] [Warning] [omni.physicsschema.plugin] Non-uniform scale may result in a non matching collision representation on prim: /World/Copy3/Robot/Right_Robot/jaw/Capsule
2026-10-08T04:49:52Z [35,070ms] [Warning] [omni.physicsschema.plugin] Non-uniform scale may result in a non matching collision representation on prim: /World/Copy4/Robot/Left_Robot/gripper/Capsule
2026-10-08T04:49:52Z [35,071ms] [Warning] [omni.physicsschema.plugin] Non-uniform scale may result in a non matching collision representation on prim: /World/Copy4/Robot/Left_Robot/jaw/Capsule
2026-10-08T04:49:52Z [35,071ms] [Warning] [omni.physicsschema.plugin] Non-uniform scale may result in a non matching collision representation on prim: /World/Copy4/Robot/Right_Robot/gripper/Capsule
2026-10-08T04:49:52Z [35,071ms] [Warning] [omni.physicsschema.plugin] Non-uniform scale may result in a non matching collision representation on prim: /World/Copy4/Robot/Right_Robot/jaw/Capsule
2026-10-08T04:49:52Z [35,072ms] [Warning] [omni.physicsschema.plugin] Non-uniform scale may result in a non matching collision representation on prim: /World/Copy5/Robot/Left_Robot/gripper/Capsule
2026-10-08T04:49:52Z [35,072ms] [Warning] [omni.physicsschema.plugin] Non-uniform scale may result in a non matching collision representation on prim: /World/Copy5/Robot/Left_Robot/jaw/Capsule
2026-10-08T04:49:52Z [35,072ms] [Warning] [omni.physicsschema.plugin] Non-uniform scale may result in a non matching collision representation on prim: /World/Copy5/Robot/Right_Robot/gripper/Capsule
2026-10-08T04:49:52Z [35,073ms] [Warning] [omni.physicsschema.plugin] Non-uniform scale may result in a non matching collision representation on prim: /World/Copy5/Robot/Right_Robot/jaw/Capsule
2026-10-08T04:49:54Z [36,771ms] [Warning] [omni.physx.plugin] Detected an articulation at /World/Copy1/Robot/Left_Robot with more than 4 velocity iterations being added to a TGS scene.The related behavior changed recently, please consult the changelog. This warning will only print once.
2026-10-08T04:49:55Z [37,894ms] [Warning] [carb] Client omni.hydratexture.plugin has acquired [carb::settings::ISettings v1.0] 100 times. Consider accessing this interface with carb::getCachedInterface() (Performance warning)
2026-10-08T04:49:55Z [37,996ms] [Warning] [carb] Client omni.hydratexture.plugin has acquired [carb::dictionary::IDictionary v1.1] 100 times. Consider accessing this interface with carb::getCachedInterface() (Performance warning)
2026-10-08T04:49:56Z [38,765ms] [Warning] [omni.fabric.plugin] USD->Fabric: Unhandled array type string[]
2026-10-08T04:49:56Z [38,810ms] [Warning] [usdrt.population.plugin] [UsdNoticeHandler] Unhandled attribute type VtArray<std::string> (prim attribute: omni:rtx:material:db:flattener:transmittance_color)
2026-10-08T04:49:56Z [38,811ms] [Warning] [usdrt.population.plugin] [UsdNoticeHandler] Unhandled attribute type VtArray<std::string> (prim attribute: omni:rtx:material:db:flattener:reflection_roughness_constant)
2026-10-08T04:49:56Z [38,811ms] [Warning] [usdrt.population.plugin] [UsdNoticeHandler] Unhandled attribute type VtArray<std::string> (prim attribute: omni:rtx:material:db:flattener:ior_constant)
2026-10-08T04:49:56Z [38,811ms] [Warning] [usdrt.population.plugin] [UsdNoticeHandler] Unhandled attribute type VtArray<std::string> (prim attribute: omni:rtx:material:db:flattener:ior_constant)
2026-10-08T04:49:56Z [38,811ms] [Warning] [usdrt.population.plugin] [UsdNoticeHandler] Unhandled attribute type VtArray<std::string> (prim attribute: omni:rtx:material:db:flattener:reflection_roughness_constant)
2026-10-08T04:49:56Z [38,811ms] [Warning] [usdrt.population.plugin] [UsdNoticeHandler] Unhandled attribute type VtArray<std::string> (prim attribute: omni:rtx:material:db:flattener:ior_constant)
2026-10-08T04:49:56Z [38,811ms] [Warning] [usdrt.population.plugin] [UsdNoticeHandler] Unhandled attribute type VtArray<std::string> (prim attribute: omni:rtx:material:db:flattener:transmittance_color)
2026-10-08T04:49:56Z [38,811ms] [Warning] [usdrt.population.plugin] [UsdNoticeHandler] Unhandled attribute type VtArray<std::string> (prim attribute: omni:rtx:material:db:flattener:transmittance_color)
2026-10-08T04:49:56Z [38,812ms] [Warning] [usdrt.population.plugin] [UsdNoticeHandler] Unhandled attribute type VtArray<std::string> (prim attribute: omni:rtx:material:db:flattener:reflection_roughness_constant)
2026-10-08T04:49:56Z [38,812ms] [Warning] [usdrt.population.plugin] [UsdNoticeHandler] Unhandled attribute type VtArray<std::string> (prim attribute: omni:rtx:material:db:flattener:ior_constant)
2026-10-08T04:49:56Z [38,812ms] [Warning] [usdrt.population.plugin] [UsdNoticeHandler] Unhandled attribute type VtArray<std::string> (prim attribute: omni:rtx:material:db:flattener:transmittance_color)
2026-10-08T04:49:56Z [38,812ms] [Warning] [usdrt.population.plugin] [UsdNoticeHandler] Unhandled attribute type VtArray<std::string> (prim attribute: omni:rtx:material:db:flattener:reflection_roughness_constant)
2026-10-08T04:49:56Z [38,812ms] [Warning] [usdrt.population.plugin] [UsdNoticeHandler] Unhandled attribute type VtArray<std::string> (prim attribute: omni:rtx:material:db:flattener:ior_constant)
2026-10-08T04:49:56Z [38,812ms] [Warning] [usdrt.population.plugin] [UsdNoticeHandler] Unhandled attribute type VtArray<std::string> (prim attribute: omni:rtx:material:db:flattener:reflection_roughness_constant)
2026-10-08T04:49:56Z [38,812ms] [Warning] [usdrt.population.plugin] [UsdNoticeHandler] Unhandled attribute type VtArray<std::string> (prim attribute: omni:rtx:material:db:flattener:transmittance_color)
2026-10-08T04:49:56Z [38,812ms] [Warning] [usdrt.population.plugin] [UsdNoticeHandler] Unhandled attribute type VtArray<std::string> (prim attribute: omni:rtx:material:db:flattener:transmittance_color)
2026-10-08T04:49:56Z [38,812ms] [Warning] [usdrt.population.plugin] [UsdNoticeHandler] Unhandled attribute type VtArray<std::string> (prim attribute: omni:rtx:material:db:flattener:transmittance_color)
2026-10-08T04:49:56Z [38,813ms] [Warning] [usdrt.population.plugin] [UsdNoticeHandler] Unhandled attribute type VtArray<std::string> (prim attribute: omni:rtx:material:db:flattener:transmittance_color)
2026-10-08T04:49:56Z [38,813ms] [Warning] [usdrt.population.plugin] [UsdNoticeHandler] Unhandled attribute type VtArray<std::string> (prim attribute: omni:rtx:material:db:flattener:reflection_roughness_constant)
2026-10-08T04:49:56Z [38,813ms] [Warning] [usdrt.population.plugin] [UsdNoticeHandler] Unhandled attribute type VtArray<std::string> (prim attribute: omni:rtx:material:db:flattener:reflection_roughness_constant)
2026-10-08T04:49:56Z [38,813ms] [Warning] [usdrt.population.plugin] [UsdNoticeHandler] Unhandled attribute type VtArray<std::string> (prim attribute: omni:rtx:material:db:flattener:ior_constant)
2026-10-08T04:49:56Z [38,813ms] [Warning] [usdrt.population.plugin] [UsdNoticeHandler] Unhandled attribute type VtArray<std::string> (prim attribute: omni:rtx:material:db:flattener:ior_constant)
2026-10-08T04:49:56Z [38,813ms] [Warning] [usdrt.population.plugin] [UsdNoticeHandler] Unhandled attribute type VtArray<std::string> (prim attribute: omni:rtx:material:db:flattener:ior_constant)
2026-10-08T04:49:56Z [38,813ms] [Warning] [usdrt.population.plugin] [UsdNoticeHandler] Unhandled attribute type VtArray<std::string> (prim attribute: omni:rtx:material:db:flattener:reflection_roughness_constant)
2026-10-08T04:49:56Z [38,814ms] [Warning] [usdrt.population.plugin] [UsdNoticeHandler] Unhandled attribute type VtArray<std::string> (prim attribute: omni:rtx:material:db:flattener:ior_constant)
2026-10-08T04:49:56Z [38,814ms] [Warning] [usdrt.population.plugin] [UsdNoticeHandler] Unhandled attribute type VtArray<std::string> (prim attribute: omni:rtx:material:db:flattener:transmittance_color)
2026-10-08T04:49:56Z [38,814ms] [Warning] [usdrt.population.plugin] [UsdNoticeHandler] Unhandled attribute type VtArray<std::string> (prim attribute: omni:rtx:material:db:flattener:transmittance_color)
2026-10-08T04:49:56Z [38,814ms] [Warning] [usdrt.population.plugin] [UsdNoticeHandler] Unhandled attribute type VtArray<std::string> (prim attribute: omni:rtx:material:db:flattener:transmittance_color)
2026-10-08T04:49:56Z [38,814ms] [Warning] [usdrt.population.plugin] [UsdNoticeHandler] Unhandled attribute type VtArray<std::string> (prim attribute: omni:rtx:material:db:flattener:transmittance_color)
2026-10-08T04:49:56Z [38,814ms] [Warning] [usdrt.population.plugin] [UsdNoticeHandler] Unhandled attribute type VtArray<std::string> (prim attribute: omni:rtx:material:db:flattener:transmittance_color)
2026-10-08T04:49:56Z [38,814ms] [Warning] [usdrt.population.plugin] [UsdNoticeHandler] Unhandled attribute type VtArray<std::string> (prim attribute: omni:rtx:material:db:flattener:reflection_roughness_constant)
2026-10-08T04:49:56Z [38,814ms] [Warning] [usdrt.population.plugin] [UsdNoticeHandler] Unhandled attribute type VtArray<std::string> (prim attribute: omni:rtx:material:db:flattener:transmittance_color)
2026-10-08T04:49:56Z [38,814ms] [Warning] [usdrt.population.plugin] [UsdNoticeHandler] Unhandled attribute type VtArray<std::string> (prim attribute: omni:rtx:material:db:flattener:transmittance_color)
2026-10-08T04:49:56Z [38,815ms] [Warning] [usdrt.population.plugin] [UsdNoticeHandler] Unhandled attribute type VtArray<std::string> (prim attribute: omni:rtx:material:db:flattener:ior_constant)
2026-10-08T04:49:56Z [38,815ms] [Warning] [usdrt.population.plugin] [UsdNoticeHandler] Unhandled attribute type VtArray<std::string> (prim attribute: omni:rtx:material:db:flattener:ior_constant)
2026-10-08T04:49:56Z [38,815ms] [Warning] [usdrt.population.plugin] [UsdNoticeHandler] Unhandled attribute type VtArray<std::string> (prim attribute: omni:rtx:material:db:flattener:reflection_roughness_constant)
2026-10-08T04:49:56Z [38,815ms] [Warning] [usdrt.population.plugin] [UsdNoticeHandler] Unhandled attribute type VtArray<std::string> (prim attribute: omni:rtx:material:db:flattener:ior_constant)
2026-10-08T04:49:56Z [38,815ms] [Warning] [usdrt.population.plugin] [UsdNoticeHandler] Unhandled attribute type VtArray<std::string> (prim attribute: omni:rtx:material:db:flattener:ior_constant)
2026-10-08T04:49:56Z [38,816ms] [Warning] [usdrt.population.plugin] [UsdNoticeHandler] Unhandled attribute type VtArray<std::string> (prim attribute: omni:rtx:material:db:flattener:reflection_roughness_constant)
2026-10-08T04:49:56Z [38,816ms] [Warning] [usdrt.population.plugin] [UsdNoticeHandler] Unhandled attribute type VtArray<std::string> (prim attribute: omni:rtx:material:db:flattener:reflection_roughness_constant)
2026-10-08T04:49:56Z [38,816ms] [Warning] [usdrt.population.plugin] [UsdNoticeHandler] Unhandled attribute type VtArray<std::string> (prim attribute: omni:rtx:material:db:flattener:reflection_roughness_constant)
2026-10-08T04:49:56Z [38,816ms] [Warning] [usdrt.population.plugin] [UsdNoticeHandler] Unhandled attribute type VtArray<std::string> (prim attribute: omni:rtx:material:db:flattener:reflection_roughness_constant)
2026-10-08T04:49:56Z [38,816ms] [Warning] [usdrt.population.plugin] [UsdNoticeHandler] Unhandled attribute type VtArray<std::string> (prim attribute: omni:rtx:material:db:flattener:ior_constant)
2026-10-08T04:49:56Z [38,816ms] [Warning] [usdrt.population.plugin] [UsdNoticeHandler] Unhandled attribute type VtArray<std::string> (prim attribute: omni:rtx:material:db:flattener:ior_constant)
2026-10-08T04:49:56Z [38,816ms] [Warning] [usdrt.population.plugin] [UsdNoticeHandler] Unhandled attribute type VtArray<std::string> (prim attribute: omni:rtx:material:db:flattener:reflection_roughness_constant)
2026-10-08T04:49:56Z [38,817ms] [Warning] [usdrt.population.plugin] [UsdNoticeHandler] Unhandled attribute type VtArray<std::string> (prim attribute: omni:rtx:material:db:flattener:transmittance_color)
2026-10-08T0[INFO]: Time taken for scene creation : 4.400276 seconds
[INFO]: Scene manager:  <class InteractiveScene>
	Number of environments: 1
	Environment spacing   : 4.0
	Source prim name      : /World/envs/env_0
	Global prim paths     : []
	Replicate physics     : True
[INFO]: Starting the simulation. This may take a few seconds. Please wait...
[INFO]: Time taken for simulation start : 7.334855 seconds
[INFO]: Completed setting up the environment...
2026-10-08 00:50:13 - lehome.assets.object.Garment - WARNING - [GarmentObject] WARNING: soft_reset_pos_range has zero range (min == max for all dimensions). Reset position will always be the same: [0.0, -0.135, 0.425]
2026-10-08 00:50:13 - lehome.assets.object.Garment - WARNING - [GarmentObject] WARNING: soft_reset_rot_range has zero range (min == max for all dimensions). Reset rotation will always be the same: [0.0, 0.0, 0.0]
2026-10-08 00:50:13 - lehome.assets.object.Garment - INFO - [GarmentObject] Reset complete - pos: [0.0, -0.135, 0.425], ori: [0.0, 0.0, 0.0]
2026-10-08 00:50:13 - lehome.assets.object.Garment - WARNING - [GarmentObject] WARNING: soft_reset_pos_range has zero range (min == max for all dimensions). Reset position will always be the same: [2.5, 2.365, 0.425]
2026-10-08 00:50:13 - lehome.assets.object.Garment - WARNING - [GarmentObject] WARNING: soft_reset_rot_range has zero range (min == max for all dimensions). Reset rotation will always be the same: [0.0, 0.0, 0.0]
2026-10-08 00:50:13 - lehome.assets.object.Garment - INFO - [GarmentObject] Reset complete - pos: [2.5, 2.365, 0.425], ori: [0.0, 0.0, 0.0]
2026-10-08 00:50:13 - lehome.assets.object.Garment - WARNING - [GarmentObject] WARNING: soft_reset_pos_range has zero range (min == max for all dimensions). Reset position will always be the same: [0.0, 2.365, 0.425]
2026-10-08 00:50:13 - lehome.assets.object.Garment - WARNING - [GarmentObject] WARNING: soft_reset_rot_range has zero range (min == max for all dimensions). Reset rotation will always be the same: [0.0, 0.0, 0.0]
2026-10-08 00:50:13 - lehome.assets.object.Garment - INFO - [GarmentObject] Reset complete - pos: [0.0, 2.365, 0.425], ori: [0.0, 0.0, 0.0]
2026-10-08 00:50:13 - lehome.assets.object.Garment - WARNING - [GarmentObject] WARNING: soft_reset_pos_range has zero range (min == max for all dimensions). Reset position will always be the same: [2.5, -0.135, 0.425]
2026-10-08 00:50:13 - lehome.assets.object.Garment - WARNING - [GarmentObject] WARNING: soft_reset_rot_range has zero range (min == max for all dimensions). Reset rotation will always be the same: [0.0, 0.0, 0.0]
[INFO]: Time taken for scene creation : 4.522328 seconds
[INFO]: Scene manager:  <class InteractiveScene>
	Number of environments: 1
	Environment spacing   : 4.0
	Source prim name      : /World/envs/env_0
	Global prim paths     : []
	Replicate physics     : True
[INFO]: Starting the simulation. This may take a few seconds. Please wait...
[INFO]: Time taken for simulation start : 19.648680 seconds
[INFO]: Completed setting up the environment...
2026-10-08 00:50:13 - lehome.assets.object.Garment - WARNING - [GarmentObject] WARNING: soft_reset_pos_range has zero range (min == max for all dimensions). Reset position will always be the same: [0.0, -0.135, 0.425]
2026-10-08 00:50:13 - lehome.assets.object.Garment - WARNING - [GarmentObject] WARNING: soft_reset_rot_range has zero range (min == max for all dimensions). Reset rotation will always be the same: [0.0, 0.0, 0.0]
2026-10-08 00:50:13 - lehome.assets.object.Garment - INFO - [GarmentObject] Reset complete - pos: [2.5, -0.135, 0.425], ori: [0.0, 0.0, 0.0]
2026-10-08 00:50:13 - lehome.assets.object.Garment - INFO - [GarmentObject] Reset complete - pos: [0.0, -0.135, 0.425], ori: [0.0, 0.0, 0.0]
2026-10-08 00:50:13 - lehome.assets.object.Garment - WARNING - [GarmentObject] WARNING: soft_reset_pos_range has zero range (min == max for all dimensions). Reset position will always be the same: [-2.5, -0.135, 0.425]
2026-10-08 00:50:13 - lehome.assets.object.Garment - WARNING - [GarmentObject] WARNING: soft_reset_rot_range has zero range (min == max for all dimensions). Reset rotation will always be the same: [0.0, 0.0, 0.0]
2026-10-08 00:50:13 - lehome.assets.object.Garment - WARNING - [GarmentObject] WARNING: soft_reset_pos_range has zero range (min == max for all dimensions). Reset position will always be the same: [0.0, -2.635, 0.425]
2026-10-08 00:50:13 - lehome.assets.object.Garment - WARNING - [GarmentObject] WARNING: soft_reset_rot_range has zero range (min == max for all dimensions). Reset rotation will always be the same: [0.0, 0.0, 0.0]
2026-10-08 00:50:13 - lehome.assets.object.Garment - INFO - [GarmentObject] Reset complete - pos: [-2.5, -0.135, 0.425], ori: [0.0, 0.0, 0.0]
2026-10-08 00:50:13 - lehome.assets.object.Garment - INFO - [GarmentObject] Reset complete - pos: [0.0, -2.635, 0.425], ori: [0.0, 0.0, 0.0]
2026-10-08 00:50:13 - lehome.assets.object.Garment - WARNING - [GarmentObject] WARNING: soft_reset_pos_range has zero range (min == max for all dimensions). Reset position will always be the same: [0.0, -2.635, 0.425]
2026-10-08 00:50:13 - lehome.assets.object.Garment - WARNING - [GarmentObject] WARNING: soft_reset_rot_range has zero range (min == max for all dimensions). Reset rotation will always be the same: [0.0, 0.0, 0.0]
2026-10-08 00:50:13 - lehome.assets.object.Garment - WARNING - [GarmentObject] WARNING: soft_reset_pos_range has zero range (min == max for all dimensions). Reset position will always be the same: [-2.5, -0.135, 0.425]
2026-10-08 00:50:13 - lehome.assets.object.Garment - INFO - [GarmentObject] Reset complete - pos: [0.0, -2.635, 0.425], ori: [0.0, 0.0, 0.0]
2026-10-08 00:50:13 - lehome.assets.object.Garment - WARNING - [GarmentObject] WARNING: soft_reset_rot_range has zero range (min == max for all dimensions). Reset rotation will always be the same: [0.0, 0.0, 0.0]
2026-10-08 00:50:13 - lehome.assets.object.Garment - INFO - [GarmentObject] Reset complete - pos: [-2.5, -0.135, 0.425], ori: [0.0, 0.0, 0.0]
2026-10-08 00:50:13 - lehome.assets.object.Garment - WARNING - [GarmentObject] WARNING: soft_reset_pos_range has zero range (min == max for all dimensions). Reset position will always be the same: [2.5, -0.135, 0.425]
2026-10-08 00:50:13 - lehome.assets.object.Garment - WARNING - [GarmentObject] WARNING: soft_reset_rot_range has zero range (min == max for all dimensions). Reset rotation will always be the same: [0.0, 0.0, 0.0]
2026-10-08 00:50:13 - lehome.assets.object.Garment - INFO - [GarmentObject] Reset complete - pos: [2.5, -0.135, 0.425], ori: [0.0, 0.0, 0.0]
2026-10-08 00:50:13 - lehome.assets.object.Garment - WARNING - [GarmentObject] WARNING: soft_reset_pos_range has zero range (min == max for all dimensions). Reset position will always be the same: [0.0, 2.365, 0.425]
2026-10-08 00:50:13 - lehome.assets.object.Garment - WARNING - [GarmentObject] WARNING: soft_reset_rot_range has zero range (min == max for all dimensions). Reset rotation will always be the same: [0.0, 0.0, 0.0]
2026-10-08 00:50:13 - lehome.assets.object.Garment - INFO - [GarmentObject] Reset complete - pos: [0.0, 2.365, 0.425], ori: [0.0, 0.0, 0.0]
2026-10-08 00:50:13 - lehome.assets.object.Garment - WARNING - [GarmentObject] WARNING: soft_reset_pos_range has zero range (min == max for all dimensions). Reset position will always be the same: [2.5, 2.365, 0.425]
2026-10-08 00:50:13 - lehome.assets.object.Garment - WARNING - [GarmentObject] WARNING: soft_reset_rot_range has zero range (min == max for all dimensions). Reset rotation will always be the same: [0.0, 0.0, 0.0]
2026-10-08 00:50:13 - lehome.assets.object.Garment - INFO - [GarmentObject] Reset complete - pos: [2.5, 2.365, 0.425], ori: [0.0, 0.0, 0.0]
  [1/400] seed 8 ok   160 steps success  (260s)
2026-10-08 00:52:55 - lehome.assets.object.Garment - INFO - [GarmentObject] Reset complete - pos: [-2.5, -0.135, 0.425], ori: [0.0, 0.0, 0.0]
  [2/400] seed 6 ok   163 steps success  (262s)
2026-10-08 00:52:57 - lehome.assets.object.Garment - INFO - [GarmentObject] Reset complete - pos: [0.0, -0.135, 0.425], ori: [0.0, 0.0, 0.0]
  [3/400] seed 2 FAIL 158 steps cloth_dragged perturbed  (266s)
2026-10-08 00:53:02 - lehome.assets.object.Garment - INFO - [GarmentObject] Reset complete - pos: [-2.5, -0.135, 0.425], ori: [0.0, 0.0, 0.0]
  [4/400] seed 0 ok   168 steps success  (274s)
2026-10-08 00:53:09 - lehome.assets.object.Garment - INFO - [GarmentObject] Reset complete - pos: [0.0, -0.135, 0.425], ori: [0.0, 0.0, 0.0]
  [5/400] seed 1 ok   168 steps success  (275s)
2026-10-08 00:53:10 - lehome.assets.object.Garment - INFO - [GarmentObject] Reset complete - pos: [2.5, -0.135, 0.425], ori: [0.0, 0.0, 0.0]
  [6/400] seed 4 FAIL 173 steps cloth_dragged perturbed  (278s)
2026-10-08 00:53:13 - lehome.assets.object.Garment - INFO - [GarmentObject] Reset complete - pos: [0.0, -2.635, 0.425], ori: [0.0, 0.0, 0.0]
  [7/400] seed 5 ok   178 steps success  (281s)
2026-10-08 00:53:17 - lehome.assets.object.Garment - INFO - [GarmentObject] Reset complete - pos: [2.5, 2.365, 0.425], ori: [0.0, 0.0, 0.0]
  [8/400] seed 10 ok   203 steps success  (306s)
2026-10-08 00:53:41 - lehome.assets.object.Garment - INFO - [GarmentObject] Reset complete - pos: [0.0, -2.635, 0.425], ori: [0.0, 0.0, 0.0]
  [9/400] seed 3 FAIL 247 steps cloth_dragged perturbed  (351s)
2026-10-08 00:54:27 - lehome.assets.object.Garment - INFO - [GarmentObject] Reset complete - pos: [0.0, 2.365, 0.425], ori: [0.0, 0.0, 0.0]
  [10/400] seed 7 ok   270 steps success  (380s)
2026-10-08 00:54:55 - lehome.assets.object.Garment - INFO - [GarmentObject] Reset complete - pos: [2.5, -0.135, 0.425], ori: [0.0, 0.0, 0.0]
  [11/400] seed 16 FAIL 138 steps cloth_dragged perturbed  (435s)
2026-10-08 00:55:51 - lehome.assets.object.Garment - INFO - [GarmentObject] Reset complete - pos: [2.5, -0.135, 0.425], ori: [0.0, 0.0, 0.0]
  [12/400] seed 14 ok   170 steps success  (449s)
2026-10-08 00:56:04 - lehome.assets.object.Garment - INFO - [GarmentObject] Reset complete - pos: [-2.5, -0.135, 0.425], ori: [0.0, 0.0, 0.0]
  [13/400] seed 18 ok   165 steps success  (459s)
2026-10-08 00:56:14 - lehome.assets.object.Garment - INFO - [GarmentObject] Reset complete - pos: [2.5, 2.365, 0.425], ori: [0.0, 0.0, 0.0]
  [14/400] seed 11 FAIL 343 steps cloth_dragged perturbed  (477s)
2026-10-08 00:56:32 - lehome.assets.object.Garment - INFO - [GarmentObject] Reset complete - pos: [2.5, 2.365, 0.425], ori: [0.0, 0.0, 0.0]
  [15/400] seed 9 FAIL 400 steps truncated  (532s)
2026-10-08 00:57:28 - lehome.assets.object.Garment - INFO - [GarmentObject] Reset complete - pos: [0.0, 2.365, 0.425], ori: [0.0, 0.0, 0.0]
  [16/400] seed 19 ok   179 steps success perturbed  (539s)
2026-10-08 00:57:35 - lehome.assets.object.Garment - INFO - [GarmentObject] Reset complete - pos: [0.0, -2.635, 0.425], ori: [0.0, 0.0, 0.0]
  [17/400] seed 20 ok   174 steps success  (550s)
2026-10-08 00:57:46 - lehome.assets.object.Garment - INFO - [GarmentObject] Reset complete - pos: [0.0, 2.365, 0.425], ori: [0.0, 0.0, 0.0]
  [18/400] seed 21 ok   168 steps success perturbed  (609s)
2026-10-08 00:58:45 - lehome.assets.object.Garment - INFO - [GarmentObject] Reset complete - pos: [2.5, -0.135, 0.425], ori: [0.0, 0.0, 0.0]
  [19/400] seed 22 ok   197 steps success perturbed  (698s)
2026-10-08 01:00:14 - lehome.assets.object.Garment - INFO - [GarmentObject] Reset complete - pos: [2.5, -0.135, 0.425], ori: [0.0, 0.0, 0.0]
  [20/400] seed 24 ok   176 steps success perturbed  (715s)
2026-10-08 01:00:30 - lehome.assets.object.Garment - INFO - [GarmentObject] Reset complete - pos: [2.5, 2.365, 0.425], ori: [0.0, 0.0, 0.0]
  [21/400] seed 15 FAIL 400 steps truncated perturbed  (742s)
2026-10-08 01:00:57 - lehome.assets.object.Garment - INFO - [GarmentObject] Reset complete - pos: [0.0, -0.135, 0.425], ori: [0.0, 0.0, 0.0]
  [22/400] seed 12 FAIL 400 steps truncated perturbed  (753s)
2026-10-08 01:01:08 - lehome.assets.object.Garment - INFO - [GarmentObject] Reset complete - pos: [-2.5, -0.135, 0.425], ori: [0.0, 0.0, 0.0]
  [23/400] seed 17 FAIL 400 steps truncated perturbed  (754s)
2026-10-08 01:01:10 - lehome.assets.object.Garment - INFO - [GarmentObject] Reset complete - pos: [0.0, -2.635, 0.425], ori: [0.0, 0.0, 0.0]
  [24/400] seed 13 FAIL 400 steps truncated  (758s)
2026-10-08 01:01:13 - lehome.assets.object.Garment - INFO - [GarmentObject] Reset complete - pos: [0.0, -0.135, 0.425], ori: [0.0, 0.0, 0.0]
  [25/400] seed 28 ok   176 steps success  (799s)
2026-10-08 01:01:54 - lehome.assets.object.Garment - INFO - [GarmentObject] Reset complete - pos: [0.0, 2.365, 0.425], ori: [0.0, 0.0, 0.0]
  [26/400] seed 30 ok   164 steps success perturbed  (916s)
2026-10-08 01:03:51 - lehome.assets.object.Garment - INFO - [GarmentObject] Reset complete - pos: [2.5, -0.135, 0.425], ori: [0.0, 0.0, 0.0]
  [27/400] seed 31 ok   157 steps success perturbed  (924s)
2026-10-08 01:03:59 - lehome.assets.object.Garment - INFO - [GarmentObject] Reset complete - pos: [2.5, 2.365, 0.425], ori: [0.0, 0.0, 0.0]
  [28/400] seed 26 ok   260 steps success  (935s)
2026-10-08 01:04:10 - lehome.assets.object.Garment - INFO - [GarmentObject] Reset complete - pos: [0.0, 2.365, 0.425], ori: [0.0, 0.0, 0.0]
  [29/400] seed 23 FAIL 400 steps truncated perturbed  (960s)
2026-10-08 01:04:35 - lehome.assets.object.Garment - INFO - [GarmentObject] Reset complete - pos: [-2.5, -0.135, 0.425], ori: [0.0, 0.0, 0.0]
  [30/400] seed 34 ok   159 steps success  (963s)
2026-10-08 01:04:38 - lehome.assets.object.Garment - INFO - [GarmentObject] Reset complete - pos: [0.0, -2.635, 0.425], ori: [0.0, 0.0, 0.0]
  [31/400] seed 36 ok   163 steps success  (1000s)
2026-10-08 01:05:15 - lehome.assets.object.Garment - INFO - [GarmentObject] Reset complete - pos: [0.0, 2.365, 0.425], ori: [0.0, 0.0, 0.0]
  [32/400] seed 25 FAIL 400 steps truncated perturbed  (1089s)
2026-10-08 01:06:45 - lehome.assets.object.Garment - INFO - [GarmentObject] Reset complete - pos: [2.5, 2.365, 0.425], ori: [0.0, 0.0, 0.0]
  [33/400] seed 32 ok   244 steps success perturbed  (1120s)
2026-10-08 01:07:16 - lehome.assets.object.Garment - INFO - [GarmentObject] Reset complete - pos: [0.0, -0.135, 0.425], ori: [0.0, 0.0, 0.0]
  [34/400] seed 33 ok   177 steps success perturbed  (1188s)
2026-10-08 01:08:23 - lehome.assets.object.Garment - INFO - [GarmentObject] Reset complete - pos: [-2.5, -0.135, 0.425], ori: [0.0, 0.0, 0.0]
  [35/400] seed 27 FAIL 400 steps truncated  (1508s)
2026-10-08 01:13:44 - lehome.assets.object.Garment - INFO - [GarmentObject] Reset complete - pos: [0.0, -2.635, 0.425], ori: [0.0, 0.0, 0.0]
  [36/400] seed 37 ok   165 steps success  (1553s)
2026-10-08 01:14:29 - lehome.assets.object.Garment - INFO - [GarmentObject] Reset complete - pos: [2.5, -0.135, 0.425], ori: [0.0, 0.0, 0.0]
  [37/400] seed 29 FAIL 400 steps truncated perturbed  (1662s)
2026-10-08 01:16:17 - lehome.assets.object.Garment - INFO - [GarmentObject] Reset complete - pos: [2.5, -0.135, 0.425], ori: [0.0, 0.0, 0.0]
  [38/400] seed 40 ok   174 steps success  (1664s)
2026-10-08 01:16:20 - lehome.assets.object.Garment - INFO - [GarmentObject] Reset complete - pos: [-2.5, -0.135, 0.425], ori: [0.0, 0.0, 0.0]
  [39/400] seed 39 ok   186 steps success  (1670s)
2026-10-08 01:16:25 - lehome.assets.object.Garment - INFO - [GarmentObject] Reset complete - pos: [0.0, 2.365, 0.425], ori: [0.0, 0.0, 0.0]
  [40/400] seed 42 ok   167 steps success  (1702s)
2026-10-08 01:16:57 - lehome.assets.object.Garment - INFO - [GarmentObject] Reset complete - pos: [0.0, 2.365, 0.425], ori: [0.0, 0.0, 0.0]
  [41/400] seed 43 ok   167 steps success  (1746s)
2026-10-08 01:17:42 - lehome.assets.object.Garment - INFO - [GarmentObject] Reset complete - pos: [2.5, 2.365, 0.425], ori: [0.0, 0.0, 0.0]
  [42/400] seed 45 ok   173 steps success  (1760s)
2026-10-08 01:17:57 - lehome.assets.object.Garment - INFO - [GarmentObject] Reset complete - pos: [-2.5, -0.135, 0.425], ori: [0.0, 0.0, 0.0]
  [43/400] seed 35 FAIL 400 steps truncated perturbed  (1789s)
2026-10-08 01:18:24 - lehome.assets.object.Garment - INFO - [GarmentObject] Reset complete - pos: [0.0, -0.135, 0.425], ori: [0.0, 0.0, 0.0]
  [44/400] seed 46 ok   177 steps success  (1805s)
2026-10-08 01:18:40 - lehome.assets.object.Garment - INFO - [GarmentObject] Reset complete - pos: [0.0, -2.635, 0.425], ori: [0.0, 0.0, 0.0]
  [45/400] seed 47 ok   207 steps success  (1835s)
2026-10-08 01:19:11 - lehome.assets.object.Garment - INFO - [GarmentObject] Reset complete - pos: [2.5, -0.135, 0.425], ori: [0.0, 0.0, 0.0]
  [46/400] seed 48 ok   172 steps success perturbed  (1851s)
2026-10-08 01:19:26 - lehome.assets.object.Garment - INFO - [GarmentObject] Reset complete - pos: [2.5, -0.135, 0.425], ori: [0.0, 0.0, 0.0]
  [47/400] seed 38 FAIL 400 steps truncated perturbed  (1862s)
2026-10-08 01:19:38 - lehome.assets.object.Garment - INFO - [GarmentObject] Reset complete - pos: [2.5, 2.365, 0.425], ori: [0.0, 0.0, 0.0]
  [48/400] seed 41 FAIL 400 steps truncated perturbed  (1899s)
2026-10-08 01:20:14 - lehome.assets.object.Garment - INFO - [GarmentObject] Reset complete - pos: [0.0, -2.635, 0.425], ori: [0.0, 0.0, 0.0]
  [49/400] seed 52 ok   164 steps success  (1917s)
2026-10-08 01:20:32 - lehome.assets.object.Garment - INFO - [GarmentObject] Reset complete - pos: [2.5, 2.365, 0.425], ori: [0.0, 0.0, 0.0]
  [50/400] seed 44 FAIL 400 steps truncated perturbed  (2000s)
2026-10-08 01:21:55 - lehome.assets.object.Garment - INFO - [GarmentObject] Reset complete - pos: [0.0, -0.135, 0.425], ori: [0.0, 0.0, 0.0]
  [51/400] seed 55 ok   172 steps success  (2014s)
2026-10-08 01:22:09 - lehome.assets.object.Garment - INFO - [GarmentObject] Reset complete - pos: [0.0, -2.635, 0.425], ori: [0.0, 0.0, 0.0]
  [52/400] seed 57 FAIL 148 steps cloth_dragged perturbed  (2053s)
2026-10-08 01:22:48 - lehome.assets.object.Garment - INFO - [GarmentObject] Reset complete - pos: [2.5, -0.135, 0.425], ori: [0.0, 0.0, 0.0]
  [53/400] seed 56 ok   174 steps success  (2055s)
2026-10-08 01:22:51 - lehome.assets.object.Garment - INFO - [GarmentObject] Reset complete - pos: [2.5, -0.135, 0.425], ori: [0.0, 0.0, 0.0]
  [54/400] seed 49 FAIL 400 steps truncated perturbed  (2097s)
2026-10-08 01:23:32 - lehome.assets.object.Garment - INFO - [GarmentObject] Reset complete - pos: [-2.5, -0.135, 0.425], ori: [0.0, 0.0, 0.0]
  [55/400] seed 50 FAIL 400 steps truncated perturbed  (2144s)
2026-10-08 01:24:19 - lehome.assets.object.Garment - INFO - [GarmentObject] Reset complete - pos: [0.0, 2.365, 0.425], ori: [0.0, 0.0, 0.0]
  [56/400] seed 51 FAIL 400 steps truncated  (2156s)
2026-10-08 01:24:31 - lehome.assets.object.Garment - INFO - [GarmentObject] Reset complete - pos: [0.0, 2.365, 0.425], ori: [0.0, 0.0, 0.0]
  [57/400] seed 60 ok   214 steps success  (2199s)
2026-10-08 01:25:14 - lehome.assets.object.Garment - INFO - [GarmentObject] Reset complete - pos: [2.5, 2.365, 0.425], ori: [0.0, 0.0, 0.0]
  [58/400] seed 53 FAIL 400 steps truncated perturbed  (2215s)
2026-10-08 01:25:30 - lehome.assets.object.Garment - INFO - [GarmentObject] Reset complete - pos: [-2.5, -0.135, 0.425], ori: [0.0, 0.0, 0.0]
  [59/400] seed 62 ok   173 steps success  (2223s)
2026-10-08 01:25:39 - lehome.assets.object.Garment - INFO - [GarmentObject] Reset complete - pos: [0.0, -2.635, 0.425], ori: [0.0, 0.0, 0.0]
  [60/400] seed 54 FAIL 400 steps truncated perturbed  (2240s)
2026-10-08 01:25:56 - lehome.assets.object.Garment - INFO - [GarmentObject] Reset complete - pos: [0.0, -0.135, 0.425], ori: [0.0, 0.0, 0.0]
  [61/400] seed 63 ok   170 steps success  (2250s)
2026-10-08 01:26:06 - lehome.assets.object.Garment - INFO - [GarmentObject] Reset complete - pos: [2.5, -0.135, 0.425], ori: [0.0, 0.0, 0.0]
  [62/400] seed 58 FAIL 353 steps cloth_dragged perturbed  (2297s)
2026-10-08 01:26:53 - lehome.assets.object.Garment - INFO - [GarmentObject] Reset complete - pos: [2.5, 2.365, 0.425], ori: [0.0, 0.0, 0.0]
  [63/400] seed 66 ok   185 steps success  (2317s)
2026-10-08 01:27:12 - lehome.assets.object.Garment - INFO - [GarmentObject] Reset complete - pos: [0.0, 2.365, 0.425], ori: [0.0, 0.0, 0.0]
  [64/400] seed 68 ok   140 steps success perturbed  (2327s)
2026-10-08 01:27:22 - lehome.assets.object.Garment - INFO - [GarmentObject] Reset complete - pos: [2.5, 2.365, 0.425], ori: [0.0, 0.0, 0.0]
  [65/400] seed 64 ok   195 steps success  (2334s)
2026-10-08 01:27:29 - lehome.assets.object.Garment - INFO - [GarmentObject] Reset complete - pos: [2.5, -0.135, 0.425], ori: [0.0, 0.0, 0.0]
  [66/400] seed 59 FAIL 350 steps cloth_dragged perturbed  (2363s)
2026-10-08 01:27:58 - lehome.assets.object.Garment - INFO - [GarmentObject] Reset complete - pos: [0.0, -2.635, 0.425], ori: [0.0, 0.0, 0.0]
  [67/400] seed 61 FAIL 318 steps cloth_dragged perturbed  (2418s)
2026-10-08 01:28:53 - lehome.assets.object.Garment - INFO - [GarmentObject] Reset complete - pos: [0.0, -0.135, 0.425], ori: [0.0, 0.0, 0.0]
  [68/400] seed 67 ok   163 steps success  (2419s)
2026-10-08 01:28:55 - lehome.assets.object.Garment - INFO - [GarmentObject] Reset complete - pos: [0.0, 2.365, 0.425], ori: [0.0, 0.0, 0.0]
  [69/400] seed 72 ok   187 steps success perturbed  (2445s)
2026-10-08 01:29:20 - lehome.assets.object.Garment - INFO - [GarmentObject] Reset complete - pos: [2.5, -0.135, 0.425], ori: [0.0, 0.0, 0.0]
  [70/400] seed 75 ok   159 steps success  (2516s)
2026-10-08 01:30:31 - lehome.assets.object.Garment - INFO - [GarmentObject] Reset complete - pos: [2.5, 2.365, 0.425], ori: [0.0, 0.0, 0.0]
  [71/400] seed 74 ok   194 steps success  (2528s)
2026-10-08 01:30:44 - lehome.assets.object.Garment - INFO - [GarmentObject] Reset complete - pos: [0.0, 2.365, 0.425], ori: [0.0, 0.0, 0.0]
  [72/400] seed 73 ok   174 steps success  (2537s)
2026-10-08 01:30:52 - lehome.assets.object.Garment - INFO - [GarmentObject] Reset complete - pos: [2.5, 2.365, 0.425], ori: [0.0, 0.0, 0.0]
  [73/400] seed 80 ok   143 steps success perturbed  (2593s)
2026-10-08 01:31:48 - lehome.assets.object.Garment - INFO - [GarmentObject] Reset complete - pos: [2.5, -0.135, 0.425], ori: [0.0, 0.0, 0.0]
  [74/400] seed 69 FAIL 400 steps truncated perturbed  (2602s)
2026-10-08 01:31:57 - lehome.assets.object.Garment - INFO - [GarmentObject] Reset complete - pos: [-2.5, -0.135, 0.425], ori: [0.0, 0.0, 0.0]
  [75/400] seed 70 FAIL 400 steps truncated  (2621s)
2026-10-08 01:32:16 - lehome.assets.object.Garment - INFO - [GarmentObject] Reset complete - pos: [0.0, -2.635, 0.425], ori: [0.0, 0.0, 0.0]
  [76/400] seed 65 FAIL 400 steps truncated perturbed  (2629s)
2026-10-08 01:32:24 - lehome.assets.object.Garment - INFO - [GarmentObject] Reset complete - pos: [-2.5, -0.135, 0.425], ori: [0.0, 0.0, 0.0]
  [77/400] seed 71 FAIL 400 steps truncated perturbed  (2639s)
2026-10-08 01:32:34 - lehome.assets.object.Garment - INFO - [GarmentObject] Reset complete - pos: [0.0, -0.135, 0.425], ori: [0.0, 0.0, 0.0]
  [78/400] seed 81 ok   182 steps success  (2695s)
2026-10-08 01:33:31 - lehome.assets.object.Garment - INFO - [GarmentObject] Reset complete - pos: [2.5, 2.365, 0.425], ori: [0.0, 0.0, 0.0]
  [79/400] seed 79 ok   219 steps success perturbed  (2697s)
2026-10-08 01:33:32 - lehome.assets.object.Garment - INFO - [GarmentObject] Reset complete - pos: [0.0, 2.365, 0.425], ori: [0.0, 0.0, 0.0]
  [80/400] seed 82 ok   179 steps success  (2709s)
2026-10-08 01:33:44 - lehome.assets.object.Garment - INFO - [GarmentObject] Reset complete - pos: [0.0, 2.365, 0.425], ori: [0.0, 0.0, 0.0]
  [81/400] seed 84 ok   178 steps success  (2771s)
2026-10-08 01:34:47 - lehome.assets.object.Garment - INFO - [GarmentObject] Reset complete - pos: [2.5, -0.135, 0.425], ori: [0.0, 0.0, 0.0]
  [82/400] seed 86 ok   168 steps success  (2779s)
2026-10-08 01:34:55 - lehome.assets.object.Garment - INFO - [GarmentObject] Reset complete - pos: [0.0, -2.635, 0.425], ori: [0.0, 0.0, 0.0]
  [83/400] seed 76 FAIL 400 steps truncated  (2841s)
2026-10-08 01:35:56 - lehome.assets.object.Garment - INFO - [GarmentObject] Reset complete - pos: [2.5, -0.135, 0.425], ori: [0.0, 0.0, 0.0]
  [84/400] seed 91 ok   148 steps success perturbed  (2850s)
2026-10-08 01:36:05 - lehome.assets.object.Garment - INFO - [GarmentObject] Reset complete - pos: [0.0, 2.365, 0.425], ori: [0.0, 0.0, 0.0]
  [85/400] seed 89 ok   175 steps success  (2857s)
  [86/400] seed 77 FAIL 400 steps truncated perturbed  (2861s)
2026-10-08 01:36:16 - lehome.assets.object.Garment - INFO - [GarmentObject] Reset complete - pos: [0.0, -2.635, 0.425], ori: [0.0, 0.0, 0.0]
2026-10-08 01:36:19 - lehome.assets.object.Garment - INFO - [GarmentObject] Reset complete - pos: [2.5, 2.365, 0.425], ori: [0.0, 0.0, 0.0]
  [87/400] seed 90 ok   143 steps success perturbed  (2894s)
2026-10-08 01:36:50 - lehome.assets.object.Garment - INFO - [GarmentObject] Reset complete - pos: [0.0, 2.365, 0.425], ori: [0.0, 0.0, 0.0]
  [88/400] seed 78 FAIL 400 steps truncated perturbed  (2922s)
2026-10-08 01:37:17 - lehome.assets.object.Garment - INFO - [GarmentObject] Reset complete - pos: [0.0, -0.135, 0.425], ori: [0.0, 0.0, 0.0]
  [89/400] seed 92 ok   189 steps success perturbed  (2978s)
2026-10-08 01:38:13 - lehome.assets.object.Garment - INFO - [GarmentObject] Reset complete - pos: [2.5, -0.135, 0.425], ori: [0.0, 0.0, 0.0]
  [90/400] seed 93 ok   195 steps success  (2990s)
2026-10-08 01:38:25 - lehome.assets.object.Garment - INFO - [GarmentObject] Reset complete - pos: [0.0, -2.635, 0.425], ori: [0.0, 0.0, 0.0]
  [91/400] seed 85 FAIL 400 steps truncated perturbed  (2996s)
2026-10-08 01:38:36 - lehome.assets.object.Garment - INFO - [GarmentObject] Reset complete - pos: [-2.5, -0.135, 0.425], ori: [0.0, 0.0, 0.0]
  [92/400] seed 83 FAIL 400 steps truncated perturbed  (3029s)
2026-10-08 01:39:05 - lehome.assets.object.Garment - INFO - [GarmentObject] Reset complete - pos: [2.5, 2.365, 0.425], ori: [0.0, 0.0, 0.0]
  [93/400] seed 88 FAIL 400 steps truncated perturbed  (3034s)
2026-10-08 01:39:09 - lehome.assets.object.Garment - INFO - [GarmentObject] Reset complete - pos: [0.0, -0.135, 0.425], ori: [0.0, 0.0, 0.0]
  [94/400] seed 94 ok   165 steps success  (3037s)
2026-10-08 01:39:12 - lehome.assets.object.Garment - INFO - [GarmentObject] Reset complete - pos: [2.5, -0.135, 0.425], ori: [0.0, 0.0, 0.0]
  [95/400] seed 97 ok   170 steps success perturbed  (3052s)
2026-10-08 01:39:27 - lehome.assets.object.Garment - INFO - [GarmentObject] Reset complete - pos: [0.0, -2.635, 0.425], ori: [0.0, 0.0, 0.0]
  [96/400] seed 95 ok   175 steps success  (3064s)
2026-10-08 01:39:40 - lehome.assets.object.Garment - INFO - [GarmentObject] Reset complete - pos: [0.0, 2.365, 0.425], ori: [0.0, 0.0, 0.0]
  [97/400] seed 99 ok   131 steps success perturbed  (3068s)
2026-10-08 01:39:43 - lehome.assets.object.Garment - INFO - [GarmentObject] Reset complete - pos: [0.0, -0.135, 0.425], ori: [0.0, 0.0, 0.0]
  [98/400] seed 96 ok   170 steps success  (3072s)
2026-10-08 01:39:47 - lehome.assets.object.Garment - INFO - [GarmentObject] Reset complete - pos: [2.5, 2.365, 0.425], ori: [0.0, 0.0, 0.0]
  [99/400] seed 98 ok   174 steps success  (3090s)
2026-10-08 01:40:06 - lehome.assets.object.Garment - INFO - [GarmentObject] Reset complete - pos: [0.0, 2.365, 0.425], ori: [0.0, 0.0, 0.0]
  [100/400] seed 87 FAIL 400 steps truncated perturbed  (3109s)
2026-10-08 01:40:25 - lehome.assets.object.Garment - INFO - [GarmentObject] Reset complete - pos: [-2.5, -0.135, 0.425], ori: [0.0, 0.0, 0.0]
  [101/400] seed 101 FAIL  80 steps cloth_dragged  (3115s)
2026-10-08 01:40:31 - lehome.assets.object.Garment - INFO - [GarmentObject] Reset complete - pos: [0.0, -2.635, 0.425], ori: [0.0, 0.0, 0.0]
  [102/400] seed 100 FAIL 215 steps cloth_dragged perturbed  (3217s)
2026-10-08 01:42:12 - lehome.assets.object.Garment - INFO - [GarmentObject] Reset complete - pos: [2.5, -0.135, 0.425], ori: [0.0, 0.0, 0.0]
  [103/400] seed 103 ok   205 steps success perturbed  (3232s)
2026-10-08 01:42:28 - lehome.assets.object.Garment - INFO - [GarmentObject] Reset complete - pos: [2.5, 2.365, 0.425], ori: [0.0, 0.0, 0.0]
  [104/400] seed 109 ok   165 steps success  (3260s)
2026-10-08 01:42:56 - lehome.assets.object.Garment - INFO - [GarmentObject] Reset complete - pos: [2.5, 2.365, 0.425], ori: [0.0, 0.0, 0.0]
  [105/400] seed 111 ok   165 steps success perturbed  (3269s)
2026-10-08 01:43:05 - lehome.assets.object.Garment - INFO - [GarmentObject] Reset complete - pos: [-2.5, -0.135, 0.425], ori: [0.0, 0.0, 0.0]
  [106/400] seed 110 ok   196 steps success  (3281s)
2026-10-08 01:43:17 - lehome.assets.object.Garment - INFO - [GarmentObject] Reset complete - pos: [0.0, 2.365, 0.425], ori: [0.0, 0.0, 0.0]
  [107/400] seed 112 ok   154 steps success  (3287s)
2026-10-08 01:43:23 - lehome.assets.object.Garment - INFO - [GarmentObject] Reset complete - pos: [0.0, -2.635, 0.425], ori: [0.0, 0.0, 0.0]
  [108/400] seed 106 FAIL 240 steps cloth_dragged perturbed  (3295s)
2026-10-08 01:43:30 - lehome.assets.object.Garment - INFO - [GarmentObject] Reset complete - pos: [0.0, -2.635, 0.425], ori: [0.0, 0.0, 0.0]
  [109/400] seed 105 ok   332 steps success perturbed  (3364s)
2026-10-08 01:44:39 - lehome.assets.object.Garment - INFO - [GarmentObject] Reset complete - pos: [2.5, -0.135, 0.425], ori: [0.0, 0.0, 0.0]
  [110/400] seed 114 ok   170 steps success  (3408s)
2026-10-08 01:45:24 - lehome.assets.object.Garment - INFO - [GarmentObject] Reset complete - pos: [2.5, 2.365, 0.425], ori: [0.0, 0.0, 0.0]
  [111/400] seed 113 ok   166 steps success  (3415s)
2026-10-08 01:45:30 - lehome.assets.object.Garment - INFO - [GarmentObject] Reset complete - pos: [2.5, -0.135, 0.425], ori: [0.0, 0.0, 0.0]
  [112/400] seed 116 ok   161 steps success  (3429s)
2026-10-08 01:45:44 - lehome.assets.object.Garment - INFO - [GarmentObject] Reset complete - pos: [-2.5, -0.135, 0.425], ori: [0.0, 0.0, 0.0]
  [113/400] seed 102 FAIL 400 steps truncated perturbed  (3443s)
2026-10-08 01:45:58 - lehome.assets.object.Garment - INFO - [GarmentObject] Reset complete - pos: [-2.5, -0.135, 0.425], ori: [0.0, 0.0, 0.0]
  [114/400] seed 108 FAIL 400 steps truncated perturbed  (3452s)
2026-10-08 01:46:08 - lehome.assets.object.Garment - INFO - [GarmentObject] Reset complete - pos: [0.0, -0.135, 0.425], ori: [0.0, 0.0, 0.0]
  [115/400] seed 117 ok   184 steps success perturbed  (3475s)
2026-10-08 01:46:31 - lehome.assets.object.Garment - INFO - [GarmentObject] Reset complete - pos: [0.0, 2.365, 0.425], ori: [0.0, 0.0, 0.0]
  [116/400] seed 104 FAIL 400 steps truncated perturbed  (3477s)
2026-10-08 01:46:32 - lehome.assets.object.Garment - INFO - [GarmentObject] Reset complete - pos: [0.0, -0.135, 0.425], ori: [0.0, 0.0, 0.0]
  [117/400] seed 119 ok   186 steps success  (3485s)
2026-10-08 01:46:40 - lehome.assets.object.Garment - INFO - [GarmentObject] Reset complete - pos: [0.0, -2.635, 0.425], ori: [0.0, 0.0, 0.0]
  [118/400] seed 107 ok   382 steps success  (3490s)
2026-10-08 01:46:45 - lehome.assets.object.Garment - INFO - [GarmentObject] Reset complete - pos: [0.0, 2.365, 0.425], ori: [0.0, 0.0, 0.0]
  [119/400] seed 118 FAIL 265 steps cloth_dragged perturbed  (3593s)
2026-10-08 01:48:29 - lehome.assets.object.Garment - INFO - [GarmentObject] Reset complete - pos: [0.0, -2.635, 0.425], ori: [0.0, 0.0, 0.0]
  [120/400] seed 123 ok   170 steps success  (3611s)
2026-10-08 01:48:51 - lehome.assets.object.Garment - INFO - [GarmentObject] Reset complete - pos: [-2.5, -0.135, 0.425], ori: [0.0, 0.0, 0.0]
  [121/400] seed 122 ok   171 steps success  (3616s)
2026-10-08 01:48:51 - lehome.assets.object.Garment - INFO - [GarmentObject] Reset complete - pos: [2.5, -0.135, 0.425], ori: [0.0, 0.0, 0.0]
  [122/400] seed 125 ok   165 steps success perturbed  (3622s)
2026-10-08 01:49:00 - lehome.assets.object.Garment - INFO - [GarmentObject] Reset complete - pos: [0.0, -0.135, 0.425], ori: [0.0, 0.0, 0.0]
  [123/400] seed 126 ok   154 steps success  (3639s)
2026-10-08 01:49:15 - lehome.assets.object.Garment - INFO - [GarmentObject] Reset complete - pos: [0.0, 2.365, 0.425], ori: [0.0, 0.0, 0.0]
  [124/400] seed 124 ok   182 steps success  (3642s)
2026-10-08 01:49:18 - lehome.assets.object.Garment - INFO - [GarmentObject] Reset complete - pos: [-2.5, -0.135, 0.425], ori: [0.0, 0.0, 0.0]
  [125/400] seed 127 ok   164 steps success  (3651s)
2026-10-08 01:49:26 - lehome.assets.object.Garment - INFO - [GarmentObject] Reset complete - pos: [0.0, -0.135, 0.425], ori: [0.0, 0.0, 0.0]
  [126/400] seed 129 ok   161 steps success  (3655s)
2026-10-08 01:49:30 - lehome.assets.object.Garment - INFO - [GarmentObject] Reset complete - pos: [0.0, 2.365, 0.425], ori: [0.0, 0.0, 0.0]
  [127/400] seed 115 FAIL 400 steps truncated perturbed  (3676s)
2026-10-08 01:49:52 - lehome.assets.object.Garment - INFO - [GarmentObject] Reset complete - pos: [2.5, 2.365, 0.425], ori: [0.0, 0.0, 0.0]
  [128/400] seed 128 ok   188 steps success  (3706s)
2026-10-08 01:50:21 - lehome.assets.object.Garment - INFO - [GarmentObject] Reset complete - pos: [0.0, -2.635, 0.425], ori: [0.0, 0.0, 0.0]
  [129/400] seed 130 ok   165 steps success  (3730s)
2026-10-08 01:50:45 - lehome.assets.object.Garment - INFO - [GarmentObject] Reset complete - pos: [0.0, -2.635, 0.425], ori: [0.0, 0.0, 0.0]
  [130/400] seed 120 ok   368 steps success perturbed  (3748s)
2026-10-08 01:51:03 - lehome.assets.object.Garment - INFO - [GarmentObject] Reset complete - pos: [2.5, -0.135, 0.425], ori: [0.0, 0.0, 0.0]
  [131/400] seed 132 ok   159 steps success  (3755s)
2026-10-08 01:51:10 - lehome.assets.object.Garment - INFO - [GarmentObject] Reset complete - pos: [2.5, -0.135, 0.425], ori: [0.0, 0.0, 0.0]
  [132/400] seed 136 ok   162 steps success  (3793s)
2026-10-08 01:51:48 - lehome.assets.object.Garment - INFO - [GarmentObject] Reset complete - pos: [0.0, -0.135, 0.425], ori: [0.0, 0.0, 0.0]
  [133/400] seed 131 ok   175 steps success  (3818s)
2026-10-08 01:52:13 - lehome.assets.object.Garment - INFO - [GarmentObject] Reset complete - pos: [-2.5, -0.135, 0.425], ori: [0.0, 0.0, 0.0]
  [134/400] seed 137 ok   183 steps success  (3823s)
2026-10-08 01:52:19 - lehome.assets.object.Garment - INFO - [GarmentObject] Reset complete - pos: [0.0, 2.365, 0.425], ori: [0.0, 0.0, 0.0]
  [135/400] seed 121 FAIL 400 steps truncated perturbed  (3826s)
2026-10-08 01:52:22 - lehome.assets.object.Garment - INFO - [GarmentObject] Reset complete - pos: [2.5, 2.365, 0.425], ori: [0.0, 0.0, 0.0]
  [136/400] seed 138 ok   174 steps success  (3838s)
2026-10-08 01:52:33 - lehome.assets.object.Garment - INFO - [GarmentObject] Reset complete - pos: [2.5, 2.365, 0.425], ori: [0.0, 0.0, 0.0]
  [137/400] seed 134 ok   196 steps success  (3860s)
2026-10-08 01:52:55 - lehome.assets.object.Garment - INFO - [GarmentObject] Reset complete - pos: [0.0, 2.365, 0.425], ori: [0.0, 0.0, 0.0]
  [138/400] seed 142 ok   175 steps success perturbed  (3925s)
2026-10-08 01:54:01 - lehome.assets.object.Garment - INFO - [GarmentObject] Reset complete - pos: [2.5, -0.135, 0.425], ori: [0.0, 0.0, 0.0]
  [139/400] seed 143 ok   161 steps success perturbed  (3955s)
2026-10-08 01:54:30 - lehome.assets.object.Garment - INFO - [GarmentObject] Reset complete - pos: [0.0, -0.135, 0.425], ori: [0.0, 0.0, 0.0]
  [140/400] seed 133 FAIL 301 steps cloth_dragged  (3964s)
2026-10-08 01:54:40 - lehome.assets.object.Garment - INFO - [GarmentObject] Reset complete - pos: [0.0, -0.135, 0.425], ori: [0.0, 0.0, 0.0]
  [141/400] seed 146 ok   128 steps success perturbed  (3988s)
2026-10-08 01:55:03 - lehome.assets.object.Garment - INFO - [GarmentObject] Reset complete - pos: [2.5, 2.365, 0.425], ori: [0.0, 0.0, 0.0]
  [142/400] seed 139 ok   272 steps success  (3995s)
2026-10-08 01:55:11 - lehome.assets.object.Garment - INFO - [GarmentObject] Reset complete - pos: [0.0, -2.635, 0.425], ori: [0.0, 0.0, 0.0]
  [143/400] seed 135 FAIL 400 steps truncated perturbed  (3998s)
2026-10-08 01:55:13 - lehome.assets.object.Garment - INFO - [GarmentObject] Reset complete - pos: [-2.5, -0.135, 0.425], ori: [0.0, 0.0, 0.0]
  [144/400] seed 147 ok   176 steps success  (4017s)
2026-10-08 01:55:33 - lehome.assets.object.Garment - INFO - [GarmentObject] Reset complete - pos: [2.5, 2.365, 0.425], ori: [0.0, 0.0, 0.0]
  [145/400] seed 145 ok   201 steps success perturbed  (4024s)
2026-10-08 01:55:39 - lehome.assets.object.Garment - INFO - [GarmentObject] Reset complete - pos: [0.0, 2.365, 0.425], ori: [0.0, 0.0, 0.0]
  [146/400] seed 141 ok   276 steps success perturbed  (4056s)
2026-10-08 01:56:11 - lehome.assets.object.Garment - INFO - [GarmentObject] Reset complete - pos: [2.5, -0.135, 0.425], ori: [0.0, 0.0, 0.0]
  [147/400] seed 148 ok   164 steps success  (4068s)
2026-10-08 01:56:23 - lehome.assets.object.Garment - INFO - [GarmentObject] Reset complete - pos: [0.0, 2.365, 0.425], ori: [0.0, 0.0, 0.0]
  [148/400] seed 149 ok   167 steps success  (4104s)
2026-10-08 01:56:59 - lehome.assets.object.Garment - INFO - [GarmentObject] Reset complete - pos: [2.5, -0.135, 0.425], ori: [0.0, 0.0, 0.0]
  [149/400] seed 140 FAIL 400 steps truncated perturbed  (4110s)
2026-10-08 01:57:05 - lehome.assets.object.Garment - INFO - [GarmentObject] Reset complete - pos: [0.0, -2.635, 0.425], ori: [0.0, 0.0, 0.0]
  [150/400] seed 150 ok   157 steps success  (4122s)
2026-10-08 01:57:18 - lehome.assets.object.Garment - INFO - [GarmentObject] Reset complete - pos: [0.0, -0.135, 0.425], ori: [0.0, 0.0, 0.0]
  [151/400] seed 154 ok   162 steps success  (4162s)
2026-10-08 01:57:58 - lehome.assets.object.Garment - INFO - [GarmentObject] Reset complete - pos: [-2.5, -0.135, 0.425], ori: [0.0, 0.0, 0.0]
  [152/400] seed 151 ok   165 steps success  (4164s)
2026-10-08 01:58:00 - lehome.assets.object.Garment - INFO - [GarmentObject] Reset complete - pos: [0.0, -0.135, 0.425], ori: [0.0, 0.0, 0.0]
  [153/400] seed 152 ok   162 steps success  (4179s)
2026-10-08 01:58:15 - lehome.assets.object.Garment - INFO - [GarmentObject] Reset complete - pos: [2.5, 2.365, 0.425], ori: [0.0, 0.0, 0.0]
  [154/400] seed 155 ok   163 steps success  (4180s)
2026-10-08 01:58:16 - lehome.assets.object.Garment - INFO - [GarmentObject] Reset complete - pos: [2.5, 2.365, 0.425], ori: [0.0, 0.0, 0.0]
  [155/400] seed 156 ok   186 steps success perturbed  (4203s)
2026-10-08 01:58:39 - lehome.assets.object.Garment - INFO - [GarmentObject] Reset complete - pos: [0.0, 2.365, 0.425], ori: [0.0, 0.0, 0.0]
  [156/400] seed 153 FAIL 204 steps cloth_dragged perturbed  (4233s)
2026-10-08 01:59:08 - lehome.assets.object.Garment - INFO - [GarmentObject] Reset complete - pos: [0.0, -2.635, 0.425], ori: [0.0, 0.0, 0.0]
  [157/400] seed 157 ok   169 steps success  (4254s)
2026-10-08 01:59:29 - lehome.assets.object.Garment - INFO - [GarmentObject] Reset complete - pos: [2.5, -0.135, 0.425], ori: [0.0, 0.0, 0.0]
  [158/400] seed 160 ok   163 steps success  (4254s)
2026-10-08 01:59:30 - lehome.assets.object.Garment - INFO - [GarmentObject] Reset complete - pos: [0.0, -2.635, 0.425], ori: [0.0, 0.0, 0.0]
  [159/400] seed 144 FAIL 400 steps truncated perturbed  (4267s)
2026-10-08 01:59:42 - lehome.assets.object.Garment - INFO - [GarmentObject] Reset complete - pos: [-2.5, -0.135, 0.425], ori: [0.0, 0.0, 0.0]
  [160/400] seed 161 ok   166 steps success  (4270s)
2026-10-08 01:59:45 - lehome.assets.object.Garment - INFO - [GarmentObject] Reset complete - pos: [0.0, -0.135, 0.425], ori: [0.0, 0.0, 0.0]
  [161/400] seed 163 FAIL 119 steps cloth_dragged perturbed  (4296s)
2026-10-08 02:00:12 - lehome.assets.object.Garment - INFO - [GarmentObject] Reset complete - pos: [0.0, -0.135, 0.425], ori: [0.0, 0.0, 0.0]
  [162/400] seed 162 ok   162 steps success  (4311s)
2026-10-08 02:00:27 - lehome.assets.object.Garment - INFO - [GarmentObject] Reset complete - pos: [-2.5, -0.135, 0.425], ori: [0.0, 0.0, 0.0]
  [163/400] seed 168 ok   124 steps success perturbed  (4373s)
2026-10-08 02:01:28 - lehome.assets.object.Garment - INFO - [GarmentObject] Reset complete - pos: [2.5, -0.135, 0.425], ori: [0.0, 0.0, 0.0]
  [164/400] seed 170 ok   168 steps success  (4419s)
2026-10-08 02:02:14 - lehome.assets.object.Garment - INFO - [GarmentObject] Reset complete - pos: [-2.5, -0.135, 0.425], ori: [0.0, 0.0, 0.0]
  [165/400] seed 169 ok   179 steps success perturbed  (4462s)
2026-10-08 02:02:57 - lehome.assets.object.Garment - INFO - [GarmentObject] Reset complete - pos: [0.0, -2.635, 0.425], ori: [0.0, 0.0, 0.0]
  [166/400] seed 158 FAIL 400 steps truncated perturbed  (4471s)
2026-10-08 02:03:06 - lehome.assets.object.Garment - INFO - [GarmentObject] Reset complete - pos: [0.0, 2.365, 0.425], ori: [0.0, 0.0, 0.0]
  [167/400] seed 159 FAIL 400 steps truncated  (4489s)
2026-10-08 02:03:24 - lehome.assets.object.Garment - INFO - [GarmentObject] Reset complete - pos: [2.5, -0.135, 0.425], ori: [0.0, 0.0, 0.0]
  [168/400] seed 171 FAIL 211 steps cloth_dragged perturbed  (4513s)
2026-10-08 02:03:48 - lehome.assets.object.Garment - INFO - [GarmentObject] Reset complete - pos: [0.0, -0.135, 0.425], ori: [0.0, 0.0, 0.0]
  [169/400] seed 164 ok   336 steps success  (4521s)
2026-10-08 02:03:56 - lehome.assets.object.Garment - INFO - [GarmentObject] Reset complete - pos: [2.5, 2.365, 0.425], ori: [0.0, 0.0, 0.0]
  [170/400] seed 174 ok   173 steps success  (4567s)
2026-10-08 02:04:42 - lehome.assets.object.Garment - INFO - [GarmentObject] Reset complete - pos: [2.5, -0.135, 0.425], ori: [0.0, 0.0, 0.0]
  [171/400] seed 165 FAIL 400 steps truncated perturbed  (4581s)
2026-10-08 02:04:56 - lehome.assets.object.Garment - INFO - [GarmentObject] Reset complete - pos: [2.5, 2.365, 0.425], ori: [0.0, 0.0, 0.0]
  [172/400] seed 166 FAIL 400 steps truncated perturbed  (4615s)
2026-10-08 02:05:30 - lehome.assets.object.Garment - INFO - [GarmentObject] Reset complete - pos: [0.0, 2.365, 0.425], ori: [0.0, 0.0, 0.0]
  [173/400] seed 167 FAIL 400 steps truncated  (4624s)
2026-10-08 02:05:40 - lehome.assets.object.Garment - INFO - [GarmentObject] Reset complete - pos: [0.0, -2.635, 0.425], ori: [0.0, 0.0, 0.0]
  [174/400] seed 178 ok   148 steps success perturbed  (4656s)
2026-10-08 02:06:11 - lehome.assets.object.Garment - INFO - [GarmentObject] Reset complete - pos: [2.5, -0.135, 0.425], ori: [0.0, 0.0, 0.0]
  [175/400] seed 176 ok   179 steps success  (4659s)
2026-10-08 02:06:15 - lehome.assets.object.Garment - INFO - [GarmentObject] Reset complete - pos: [0.0, -2.635, 0.425], ori: [0.0, 0.0, 0.0]
  [176/400] seed 172 FAIL 400 steps truncated perturbed  (4676s)
2026-10-08 02:06:32 - lehome.assets.object.Garment - INFO - [GarmentObject] Reset complete - pos: [0.0, -0.135, 0.425], ori: [0.0, 0.0, 0.0]
  [177/400] seed 180 ok   179 steps success perturbed  (4688s)
2026-10-08 02:06:46 - lehome.assets.object.Garment - INFO - [GarmentObject] Reset complete - pos: [2.5, 2.365, 0.425], ori: [0.0, 0.0, 0.0]
  [178/400] seed 181 ok   171 steps success  (4741s)
2026-10-08 02:07:40 - lehome.assets.object.Garment - INFO - [GarmentObject] Reset complete - pos: [2.5, -0.135, 0.425], ori: [0.0, 0.0, 0.0]
  [179/400] seed 173 FAIL 400 steps truncated perturbed  (4750s)
2026-10-08 02:07:46 - lehome.assets.object.Garment - INFO - [GarmentObject] Reset complete - pos: [-2.5, -0.135, 0.425], ori: [0.0, 0.0, 0.0]
  [180/400] seed 182 ok   179 steps success  (4775s)
2026-10-08 02:08:10 - lehome.assets.object.Garment - INFO - [GarmentObject] Reset complete - pos: [2.5, 2.365, 0.425], ori: [0.0, 0.0, 0.0]
  [181/400] seed 184 ok   161 steps success perturbed  (4798s)
2026-10-08 02:08:33 - lehome.assets.object.Garment - INFO - [GarmentObject] Reset complete - pos: [0.0, -2.635, 0.425], ori: [0.0, 0.0, 0.0]
  [182/400] seed 175 ok   368 steps success perturbed  (4801s)
2026-10-08 02:08:36 - lehome.assets.object.Garment - INFO - [GarmentObject] Reset complete - pos: [-2.5, -0.135, 0.425], ori: [0.0, 0.0, 0.0]
  [183/400] seed 186 ok   161 steps success  (4833s)
2026-10-08 02:09:14 - lehome.assets.object.Garment - INFO - [GarmentObject] Reset complete - pos: [0.0, -2.635, 0.425], ori: [0.0, 0.0, 0.0]
  [184/400] seed 177 FAIL 400 steps truncated perturbed  (4857s)
2026-10-08 02:09:33 - lehome.assets.object.Garment - INFO - [GarmentObject] Reset complete - pos: [0.0, 2.365, 0.425], ori: [0.0, 0.0, 0.0]
  [185/400] seed 187 ok   175 steps success perturbed  (4859s)
2026-10-08 02:09:34 - lehome.assets.object.Garment - INFO - [GarmentObject] Reset complete - pos: [0.0, -0.135, 0.425], ori: [0.0, 0.0, 0.0]
  [186/400] seed 188 ok   171 steps success  (4866s)
2026-10-08 02:09:42 - lehome.assets.object.Garment - INFO - [GarmentObject] Reset complete - pos: [2.5, 2.365, 0.425], ori: [0.0, 0.0, 0.0]
  [187/400] seed 183 ok   263 steps success perturbed  (4886s)
2026-10-08 02:10:01 - lehome.assets.object.Garment - INFO - [GarmentObject] Reset complete - pos: [0.0, 2.365, 0.425], ori: [0.0, 0.0, 0.0]
  [188/400] seed 189 ok   166 steps success  (4899s)
2026-10-08 02:10:14 - lehome.assets.object.Garment - INFO - [GarmentObject] Reset complete - pos: [2.5, -0.135, 0.425], ori: [0.0, 0.0, 0.0]
  [189/400] seed 190 ok   167 steps success  (4926s)
2026-10-08 02:10:45 - lehome.assets.object.Garment - INFO - [GarmentObject] Reset complete - pos: [-2.5, -0.135, 0.425], ori: [0.0, 0.0, 0.0]
  [190/400] seed 179 FAIL 400 steps truncated perturbed  (4931s)
2026-10-08 02:10:47 - lehome.assets.object.Garment - INFO - [GarmentObject] Reset complete - pos: [0.0, -0.135, 0.425], ori: [0.0, 0.0, 0.0]
  [191/400] seed 192 ok   168 steps success  (4949s)
2026-10-08 02:11:04 - lehome.assets.object.Garment - INFO - [GarmentObject] Reset complete - pos: [0.0, -2.635, 0.425], ori: [0.0, 0.0, 0.0]
  [192/400] seed 196 ok   164 steps success perturbed  (5014s)
2026-10-08 02:12:10 - lehome.assets.object.Garment - INFO - [GarmentObject] Reset complete - pos: [0.0, -0.135, 0.425], ori: [0.0, 0.0, 0.0]
  [193/400] seed 197 ok   202 steps success perturbed  (5065s)
2026-10-08 02:13:00 - lehome.assets.object.Garment - INFO - [GarmentObject] Reset complete - pos: [2.5, 2.365, 0.425], ori: [0.0, 0.0, 0.0]
  [194/400] seed 185 FAIL 400 steps truncated perturbed  (5077s)
2026-10-08 02:13:12 - lehome.assets.object.Garment - INFO - [GarmentObject] Reset complete - pos: [2.5, -0.135, 0.425], ori: [0.0, 0.0, 0.0]
  [195/400] seed 191 ok   292 steps success perturbed  (5088s)
2026-10-08 02:13:23 - lehome.assets.object.Garment - INFO - [GarmentObject] Reset complete - pos: [2.5, 2.365, 0.425], ori: [0.0, 0.0, 0.0]
  [196/400] seed 198 ok   180 steps success  (5090s)
2026-10-08 02:13:25 - lehome.assets.object.Garment - INFO - [GarmentObject] Reset complete - pos: [0.0, 2.365, 0.425], ori: [0.0, 0.0, 0.0]
  [197/400] seed 202 ok   176 steps success  (5138s)
2026-10-08 02:14:14 - lehome.assets.object.Garment - INFO - [GarmentObject] Reset complete - pos: [0.0, -2.635, 0.425], ori: [0.0, 0.0, 0.0]
  [198/400] seed 193 FAIL 400 steps truncated perturbed  (5175s)
2026-10-08 02:14:50 - lehome.assets.object.Garment - INFO - [GarmentObject] Reset complete - pos: [-2.5, -0.135, 0.425], ori: [0.0, 0.0, 0.0]
  [199/400] seed 195 FAIL 400 steps truncated perturbed  (5249s)
2026-10-08 02:16:04 - lehome.assets.object.Garment - INFO - [GarmentObject] Reset complete - pos: [0.0, 2.365, 0.425], ori: [0.0, 0.0, 0.0]
  [200/400] seed 194 FAIL 400 steps truncated perturbed  (5262s)
2026-10-08 02:16:17 - lehome.assets.object.Garment - INFO - [GarmentObject] Reset complete - pos: [0.0, -2.635, 0.425], ori: [0.0, 0.0, 0.0]
  [201/400] seed 205 ok   172 steps success perturbed  (5271s)
2026-10-08 02:16:26 - lehome.assets.object.Garment - INFO - [GarmentObject] Reset complete - pos: [2.5, -0.135, 0.425], ori: [0.0, 0.0, 0.0]
  [202/400] seed 207 ok   163 steps success  (5276s)
2026-10-08 02:16:32 - lehome.assets.object.Garment - INFO - [GarmentObject] Reset complete - pos: [0.0, 2.365, 0.425], ori: [0.0, 0.0, 0.0]
  [203/400] seed 206 ok   181 steps success perturbed  (5290s)
2026-10-08 02:16:45 - lehome.assets.object.Garment - INFO - [GarmentObject] Reset complete - pos: [2.5, 2.365, 0.425], ori: [0.0, 0.0, 0.0]
  [204/400] seed 199 FAIL 400 steps truncated perturbed  (5321s)
2026-10-08 02:17:16 - lehome.assets.object.Garment - INFO - [GarmentObject] Reset complete - pos: [2.5, -0.135, 0.425], ori: [0.0, 0.0, 0.0]
  [205/400] seed 208 ok   176 steps success  (5345s)
2026-10-08 02:17:41 - lehome.assets.object.Garment - INFO - [GarmentObject] Reset complete - pos: [0.0, -2.635, 0.425], ori: [0.0, 0.0, 0.0]
  [206/400] seed 200 FAIL 400 steps truncated perturbed  (5347s)
2026-10-08 02:17:42 - lehome.assets.object.Garment - INFO - [GarmentObject] Reset complete - pos: [-2.5, -0.135, 0.425], ori: [0.0, 0.0, 0.0]
  [207/400] seed 201 FAIL 400 steps truncated perturbed  (5349s)
2026-10-08 02:17:44 - lehome.assets.object.Garment - INFO - [GarmentObject] Reset complete - pos: [0.0, -0.135, 0.425], ori: [0.0, 0.0, 0.0]
  [208/400] seed 203 FAIL 400 steps truncated  (5450s)
2026-10-08 02:19:26 - lehome.assets.object.Garment - INFO - [GarmentObject] Reset complete - pos: [0.0, -0.135, 0.425], ori: [0.0, 0.0, 0.0]
  [209/400] seed 214 ok   169 steps success  (5461s)
2026-10-08 02:19:37 - lehome.assets.object.Garment - INFO - [GarmentObject] Reset complete - pos: [2.5, 2.365, 0.425], ori: [0.0, 0.0, 0.0]
  [210/400] seed 204 FAIL 400 steps truncated perturbed  (5504s)
2026-10-08 02:20:20 - lehome.assets.object.Garment - INFO - [GarmentObject] Reset complete - pos: [2.5, 2.365, 0.425], ori: [0.0, 0.0, 0.0]
  [211/400] seed 213 FAIL 257 steps cloth_dragged perturbed  (5534s)
2026-10-08 02:20:49 - lehome.assets.object.Garment - INFO - [GarmentObject] Reset complete - pos: [0.0, 2.365, 0.425], ori: [0.0, 0.0, 0.0]
  [212/400] seed 218 ok   184 steps success  (5535s)
2026-10-08 02:20:50 - lehome.assets.object.Garment - INFO - [GarmentObject] Reset complete - pos: [0.0, -0.135, 0.425], ori: [0.0, 0.0, 0.0]
  [213/400] seed 216 ok   174 steps success  (5554s)
2026-10-08 02:21:10 - lehome.assets.object.Garment - INFO - [GarmentObject] Reset complete - pos: [0.0, -2.635, 0.425], ori: [0.0, 0.0, 0.0]
  [214/400] seed 209 FAIL 400 steps truncated  (5615s)
2026-10-08 02:22:11 - lehome.assets.object.Garment - INFO - [GarmentObject] Reset complete - pos: [-2.5, -0.135, 0.425], ori: [0.0, 0.0, 0.0]
  [215/400] seed 211 FAIL 400 steps truncated  (5655s)
2026-10-08 02:22:51 - lehome.assets.object.Garment - INFO - [GarmentObject] Reset complete - pos: [0.0, -2.635, 0.425], ori: [0.0, 0.0, 0.0]
  [216/400] seed 212 FAIL 400 steps truncated perturbed  (5660s)
2026-10-08 02:22:56 - lehome.assets.object.Garment - INFO - [GarmentObject] Reset complete - pos: [2.5, -0.135, 0.425], ori: [0.0, 0.0, 0.0]
  [217/400] seed 210 FAIL 400 steps truncated perturbed  (5689s)
2026-10-08 02:23:24 - lehome.assets.object.Garment - INFO - [GarmentObject] Reset complete - pos: [0.0, 2.365, 0.425], ori: [0.0, 0.0, 0.0]
  [218/400] seed 221 FAIL 175 steps cloth_dragged perturbed  (5701s)
2026-10-08 02:23:36 - lehome.assets.object.Garment - INFO - [GarmentObject] Reset complete - pos: [2.5, 2.365, 0.425], ori: [0.0, 0.0, 0.0]
  [219/400] seed 222 ok   168 steps success  (5719s)
2026-10-08 02:23:54 - lehome.assets.object.Garment - INFO - [GarmentObject] Reset complete - pos: [0.0, 2.365, 0.425], ori: [0.0, 0.0, 0.0]
  [220/400] seed 215 FAIL 400 steps truncated  (5741s)
2026-10-08 02:24:18 - lehome.assets.object.Garment - INFO - [GarmentObject] Reset complete - pos: [2.5, -0.135, 0.425], ori: [0.0, 0.0, 0.0]
  [221/400] seed 217 FAIL 400 steps truncated perturbed  (5749s)
2026-10-08 02:24:24 - lehome.assets.object.Garment - INFO - [GarmentObject] Reset complete - pos: [-2.5, -0.135, 0.425], ori: [0.0, 0.0, 0.0]
  [222/400] seed 223 ok   209 steps success  (5760s)
2026-10-08 02:24:36 - lehome.assets.object.Garment - INFO - [GarmentObject] Reset complete - pos: [0.0, -0.135, 0.425], ori: [0.0, 0.0, 0.0]
  [223/400] seed 219 FAIL 283 steps cloth_dragged perturbed  (5766s)
2026-10-08 02:24:41 - lehome.assets.object.Garment - INFO - [GarmentObject] Reset complete - pos: [0.0, -0.135, 0.425], ori: [0.0, 0.0, 0.0]
  [224/400] seed 225 ok   187 steps success  (5819s)
2026-10-08 02:25:34 - lehome.assets.object.Garment - INFO - [GarmentObject] Reset complete - pos: [-2.5, -0.135, 0.425], ori: [0.0, 0.0, 0.0]
  [225/400] seed 226 ok   165 steps success  (5837s)
2026-10-08 02:25:52 - lehome.assets.object.Garment - INFO - [GarmentObject] Reset complete - pos: [0.0, -2.635, 0.425], ori: [0.0, 0.0, 0.0]
  [226/400] seed 228 ok   168 steps success  (5858s)
2026-10-08 02:26:13 - lehome.assets.object.Garment - INFO - [GarmentObject] Reset complete - pos: [0.0, 2.365, 0.425], ori: [0.0, 0.0, 0.0]
  [227/400] seed 230 FAIL 135 steps cloth_dragged perturbed  (5871s)
2026-10-08 02:26:26 - lehome.assets.object.Garment - INFO - [GarmentObject] Reset complete - pos: [0.0, 2.365, 0.425], ori: [0.0, 0.0, 0.0]
  [228/400] seed 220 FAIL 400 steps truncated perturbed  (5879s)
2026-10-08 02:26:34 - lehome.assets.object.Garment - INFO - [GarmentObject] Reset complete - pos: [2.5, 2.365, 0.425], ori: [0.0, 0.0, 0.0]
  [229/400] seed 231 ok   189 steps success  (5921s)
2026-10-08 02:27:16 - lehome.assets.object.Garment - INFO - [GarmentObject] Reset complete - pos: [2.5, -0.135, 0.425], ori: [0.0, 0.0, 0.0]
  [230/400] seed 234 ok   179 steps success perturbed  (5930s)
2026-10-08 02:27:25 - lehome.assets.object.Garment - INFO - [GarmentObject] Reset complete - pos: [0.0, -0.135, 0.425], ori: [0.0, 0.0, 0.0]
  [231/400] seed 224 FAIL 400 steps truncated perturbed  (5937s)
2026-10-08 02:27:32 - lehome.assets.object.Garment - INFO - [GarmentObject] Reset complete - pos: [0.0, -2.635, 0.425], ori: [0.0, 0.0, 0.0]
  [232/400] seed 232 ok   188 steps success  (5954s)
2026-10-08 02:27:50 - lehome.assets.object.Garment - INFO - [GarmentObject] Reset complete - pos: [-2.5, -0.135, 0.425], ori: [0.0, 0.0, 0.0]
  [233/400] seed 236 FAIL 103 steps cloth_dragged perturbed  (5965s)
2026-10-08 02:28:00 - lehome.assets.object.Garment - INFO - [GarmentObject] Reset complete - pos: [0.0, -2.635, 0.425], ori: [0.0, 0.0, 0.0]
  [234/400] seed 235 ok   162 steps success perturbed  (5974s)
2026-10-08 02:28:09 - lehome.assets.object.Garment - INFO - [GarmentObject] Reset complete - pos: [-2.5, -0.135, 0.425], ori: [0.0, 0.0, 0.0]
  [235/400] seed 237 ok   184 steps success perturbed  (6034s)
2026-10-08 02:29:09 - lehome.assets.object.Garment - INFO - [GarmentObject] Reset complete - pos: [0.0, 2.365, 0.425], ori: [0.0, 0.0, 0.0]
  [236/400] seed 239 ok   159 steps success  (6047s)
2026-10-08 02:29:23 - lehome.assets.object.Garment - INFO - [GarmentObject] Reset complete - pos: [2.5, 2.365, 0.425], ori: [0.0, 0.0, 0.0]
  [237/400] seed 229 FAIL 400 steps truncated  (6070s)
2026-10-08 02:29:46 - lehome.assets.object.Garment - INFO - [GarmentObject] Reset complete - pos: [2.5, 2.365, 0.425], ori: [0.0, 0.0, 0.0]
  [238/400] seed 227 FAIL 400 steps truncated  (6082s)
2026-10-08 02:29:58 - lehome.assets.object.Garment - INFO - [GarmentObject] Reset complete - pos: [2.5, -0.135, 0.425], ori: [0.0, 0.0, 0.0]
  [239/400] seed 240 ok   169 steps success  (6083s)
2026-10-08 02:30:01 - lehome.assets.object.Garment - INFO - [GarmentObject] Reset complete - pos: [2.5, -0.135, 0.425], ori: [0.0, 0.0, 0.0]
  [240/400] seed 242 ok   160 steps success  (6090s)
2026-10-08 02:30:06 - lehome.assets.object.Garment - INFO - [GarmentObject] Reset complete - pos: [0.0, -2.635, 0.425], ori: [0.0, 0.0, 0.0]
  [241/400] seed 241 ok   181 steps success  (6096s)
2026-10-08 02:30:15 - lehome.assets.object.Garment - INFO - [GarmentObject] Reset complete - pos: [0.0, -0.135, 0.425], ori: [0.0, 0.0, 0.0]
  [242/400] seed 243 ok   172 steps success  (6159s)
2026-10-08 02:31:14 - lehome.assets.object.Garment - INFO - [GarmentObject] Reset complete - pos: [-2.5, -0.135, 0.425], ori: [0.0, 0.0, 0.0]
  [243/400] seed 238 ok   261 steps success  (6170s)
2026-10-08 02:31:26 - lehome.assets.object.Garment - INFO - [GarmentObject] Reset complete - pos: [0.0, 2.365, 0.425], ori: [0.0, 0.0, 0.0]
  [244/400] seed 233 FAIL 400 steps truncated perturbed  (6210s)
2026-10-08 02:32:05 - lehome.assets.object.Garment - INFO - [GarmentObject] Reset complete - pos: [0.0, -0.135, 0.425], ori: [0.0, 0.0, 0.0]
  [245/400] seed 248 ok   169 steps success  (6227s)
2026-10-08 02:32:22 - lehome.assets.object.Garment - INFO - [GarmentObject] Reset complete - pos: [2.5, 2.365, 0.425], ori: [0.0, 0.0, 0.0]
  [246/400] seed 252 ok   180 steps success perturbed  (6280s)
2026-10-08 02:33:15 - lehome.assets.object.Garment - INFO - [GarmentObject] Reset complete - pos: [0.0, -0.135, 0.425], ori: [0.0, 0.0, 0.0]
  [247/400] seed 249 ok   168 steps success perturbed  (6298s)
2026-10-08 02:33:37 - lehome.assets.object.Garment - INFO - [GarmentObject] Reset complete - pos: [2.5, -0.135, 0.425], ori: [0.0, 0.0, 0.0]
  [248/400] seed 247 ok   248 steps success  (6351s)
2026-10-08 02:34:26 - lehome.assets.object.Garment - INFO - [GarmentObject] Reset complete - pos: [2.5, 2.365, 0.425], ori: [0.0, 0.0, 0.0]
  [249/400] seed 251 ok   248 steps success perturbed  (6352s)
2026-10-08 02:34:28 - lehome.assets.object.Garment - INFO - [GarmentObject] Reset complete - pos: [0.0, -2.635, 0.425], ori: [0.0, 0.0, 0.0]
  [250/400] seed 253 ok   161 steps success  (6354s)
2026-10-08 02:34:29 - lehome.assets.object.Garment - INFO - [GarmentObject] Reset complete - pos: [-2.5, -0.135, 0.425], ori: [0.0, 0.0, 0.0]
  [251/400] seed 245 FAIL 400 steps truncated perturbed  (6361s)
2026-10-08 02:34:36 - lehome.assets.object.Garment - INFO - [GarmentObject] Reset complete - pos: [-2.5, -0.135, 0.425], ori: [0.0, 0.0, 0.0]
  [252/400] seed 254 ok   160 steps success  (6363s)
2026-10-08 02:34:38 - lehome.assets.object.Garment - INFO - [GarmentObject] Reset complete - pos: [0.0, 2.365, 0.425], ori: [0.0, 0.0, 0.0]
  [253/400] seed 255 FAIL 158 steps cloth_dragged perturbed  (6384s)
2026-10-08 02:34:59 - lehome.assets.object.Garment - INFO - [GarmentObject] Reset complete - pos: [0.0, -0.135, 0.425], ori: [0.0, 0.0, 0.0]
  [254/400] seed 244 FAIL 400 steps truncated perturbed  (6417s)
2026-10-08 02:35:32 - lehome.assets.object.Garment - INFO - [GarmentObject] Reset complete - pos: [0.0, -2.635, 0.425], ori: [0.0, 0.0, 0.0]
  [255/400] seed 246 FAIL 400 steps truncated perturbed  (6428s)
2026-10-08 02:35:43 - lehome.assets.object.Garment - INFO - [GarmentObject] Reset complete - pos: [0.0, 2.365, 0.425], ori: [0.0, 0.0, 0.0]
  [256/400] seed 250 FAIL 400 steps truncated  (6475s)
2026-10-08 02:36:31 - lehome.assets.object.Garment - INFO - [GarmentObject] Reset complete - pos: [2.5, -0.135, 0.425], ori: [0.0, 0.0, 0.0]
  [257/400] seed 257 ok   181 steps success  (6476s)
2026-10-08 02:36:31 - lehome.assets.object.Garment - INFO - [GarmentObject] Reset complete - pos: [0.0, -0.135, 0.425], ori: [0.0, 0.0, 0.0]
  [258/400] seed 260 ok   175 steps success  (6521s)
2026-10-08 02:37:17 - lehome.assets.object.Garment - INFO - [GarmentObject] Reset complete - pos: [0.0, -2.635, 0.425], ori: [0.0, 0.0, 0.0]
  [259/400] seed 262 ok   175 steps success  (6534s)
2026-10-08 02:37:29 - lehome.assets.object.Garment - INFO - [GarmentObject] Reset complete - pos: [-2.5, -0.135, 0.425], ori: [0.0, 0.0, 0.0]
  [260/400] seed 259 ok   162 steps success  (6540s)
2026-10-08 02:37:36 - lehome.assets.object.Garment - INFO - [GarmentObject] Reset complete - pos: [2.5, 2.365, 0.425], ori: [0.0, 0.0, 0.0]
  [261/400] seed 265 ok   123 steps success perturbed  (6561s)
2026-10-08 02:37:56 - lehome.assets.object.Garment - INFO - [GarmentObject] Reset complete - pos: [0.0, -2.635, 0.425], ori: [0.0, 0.0, 0.0]
  [262/400] seed 256 FAIL 354 steps cloth_dragged perturbed  (6605s)
2026-10-08 02:38:41 - lehome.assets.object.Garment - INFO - [GarmentObject] Reset complete - pos: [2.5, 2.365, 0.425], ori: [0.0, 0.0, 0.0]
  [263/400] seed 266 ok   175 steps success  (6613s)
2026-10-08 02:38:49 - lehome.assets.object.Garment - INFO - [GarmentObject] Reset complete - pos: [0.0, 2.365, 0.425], ori: [0.0, 0.0, 0.0]
  [264/400] seed 268 FAIL 148 steps cloth_dragged perturbed  (6640s)
2026-10-08 02:39:16 - lehome.assets.object.Garment - INFO - [GarmentObject] Reset complete - pos: [0.0, -0.135, 0.425], ori: [0.0, 0.0, 0.0]
  [265/400] seed 269 ok   154 steps success perturbed  (6691s)
2026-10-08 02:40:07 - lehome.assets.object.Garment - INFO - [GarmentObject] Reset complete - pos: [0.0, -2.635, 0.425], ori: [0.0, 0.0, 0.0]
  [266/400] seed 258 FAIL 400 steps truncated perturbed  (6731s)
2026-10-08 02:40:46 - lehome.assets.object.Garment - INFO - [GarmentObject] Reset complete - pos: [2.5, -0.135, 0.425], ori: [0.0, 0.0, 0.0]
  [267/400] seed 272 ok   187 steps success perturbed  (6761s)
2026-10-08 02:41:16 - lehome.assets.object.Garment - INFO - [GarmentObject] Reset complete - pos: [0.0, -2.635, 0.425], ori: [0.0, 0.0, 0.0]
  [268/400] seed 267 FAIL 281 steps cloth_dragged  (6763s)
2026-10-08 02:41:18 - lehome.assets.object.Garment - INFO - [GarmentObject] Reset complete - pos: [2.5, -0.135, 0.425], ori: [0.0, 0.0, 0.0]
  [269/400] seed 261 FAIL 400 steps truncated perturbed  (6773s)
2026-10-08 02:41:28 - lehome.assets.object.Garment - INFO - [GarmentObject] Reset complete - pos: [-2.5, -0.135, 0.425], ori: [0.0, 0.0, 0.0]
  [270/400] seed 263 FAIL 400 steps truncated perturbed  (6780s)
2026-10-08 02:41:35 - lehome.assets.object.Garment - INFO - [GarmentObject] Reset complete - pos: [0.0, 2.365, 0.425], ori: [0.0, 0.0, 0.0]
  [271/400] seed 273 ok   179 steps success  (6780s)
2026-10-08 02:41:38 - lehome.assets.object.Garment - INFO - [GarmentObject] Reset complete - pos: [2.5, 2.365, 0.425], ori: [0.0, 0.0, 0.0]
  [272/400] seed 274 ok   184 steps success  (6794s)
2026-10-08 02:41:49 - lehome.assets.object.Garment - INFO - [GarmentObject] Reset complete - pos: [0.0, 2.365, 0.425], ori: [0.0, 0.0, 0.0]
  [273/400] seed 264 FAIL 400 steps truncated perturbed  (6805s)
2026-10-08 02:42:01 - lehome.assets.object.Garment - INFO - [GarmentObject] Reset complete - pos: [0.0, -0.135, 0.425], ori: [0.0, 0.0, 0.0]
  [274/400] seed 275 ok   172 steps success  (6815s)
2026-10-08 02:42:10 - lehome.assets.object.Garment - INFO - [GarmentObject] Reset complete - pos: [0.0, -0.135, 0.425], ori: [0.0, 0.0, 0.0]
  [275/400] seed 276 ok   180 steps success  (6865s)
2026-10-08 02:43:04 - lehome.assets.object.Garment - INFO - [GarmentObject] Reset complete - pos: [0.0, -2.635, 0.425], ori: [0.0, 0.0, 0.0]
  [276/400] seed 271 FAIL 338 steps cloth_dragged perturbed  (6897s)
2026-10-08 02:43:33 - lehome.assets.object.Garment - INFO - [GarmentObject] Reset complete - pos: [2.5, 2.365, 0.425], ori: [0.0, 0.0, 0.0]
  [277/400] seed 270 FAIL 400 steps truncated perturbed  (6915s)
2026-10-08 02:43:50 - lehome.assets.object.Garment - INFO - [GarmentObject] Reset complete - pos: [-2.5, -0.135, 0.425], ori: [0.0, 0.0, 0.0]
  [278/400] seed 279 ok   158 steps success  (6916s)
2026-10-08 02:43:51 - lehome.assets.object.Garment - INFO - [GarmentObject] Reset complete - pos: [2.5, -0.135, 0.425], ori: [0.0, 0.0, 0.0]
  [279/400] seed 282 ok   171 steps success  (6943s)
2026-10-08 02:44:19 - lehome.assets.object.Garment - INFO - [GarmentObject] Reset complete - pos: [2.5, 2.365, 0.425], ori: [0.0, 0.0, 0.0]
  [280/400] seed 280 ok   187 steps success  (7001s)
2026-10-08 02:45:17 - lehome.assets.object.Garment - INFO - [GarmentObject] Reset complete - pos: [-2.5, -0.135, 0.425], ori: [0.0, 0.0, 0.0]
  [281/400] seed 284 ok   167 steps success  (7039s)
2026-10-08 02:45:55 - lehome.assets.object.Garment - INFO - [GarmentObject] Reset complete - pos: [0.0, -0.135, 0.425], ori: [0.0, 0.0, 0.0]
